codec,image,size,quality,encode_ms,decode_ms,bytes,bpp,psnr,ms_ssim,lpips,notes
CAPS,kodak_01,512,82,12.5889,7.631,255182,7.78753662109375,38.53068437530946,0.9979227767762433,,8 threads
PNG,kodak_01,512,82,14.923667000000002,,528993,16.143585205078125,99.0,1.0,,Pillow
JPEG,kodak_01,512,82,3.190791999999998,,77866,2.37628173828125,33.51240039223045,0.9966772027859567,,Pillow
WebP,kodak_01,512,82,47.47145800000002,,68706,2.09674072265625,36.248144339533106,0.9977567079073264,,Pillow
AVIF,kodak_01,512,30,58.141833000000034,26.92166699999998,52839,1.612518310546875,34.408441579590715,0.9963018358582829,,ffmpeg/libsvtav1 CRF30
CAPS,kodak_01,1024,82,38.9627,24.65,684103,5.219291687011719,37.41210537980122,0.9972030562349208,,8 threads
PNG,kodak_01,1024,82,60.07229199999997,,1696346,12.942092895507812,99.0,1.0,,Pillow
JPEG,kodak_01,1024,82,5.974374999999976,,223088,1.7020263671875,39.19704280119893,0.9988739831750316,,Pillow
WebP,kodak_01,1024,82,71.29212499999993,,163584,1.248046875,38.0403341535234,0.9984398299667236,,Pillow
AVIF,kodak_01,1024,30,86.39375000000004,36.153000000000105,103819,0.7920761108398438,36.93857639207483,0.997533343790316,,ffmpeg/libsvtav1 CRF30
CAPS,kodak_02,512,82,11.8561,7.258,213484,6.5150146484375,38.578466190010694,0.9949516322494123,,8 threads
PNG,kodak_02,512,82,15.48583399999992,,431924,13.1812744140625,99.0,1.0,,Pillow
JPEG,kodak_02,512,82,1.9725830000001388,,46487,1.418670654296875,35.380552134830914,0.9932795729870194,,Pillow
WebP,kodak_02,512,82,16.896749999999905,,32762,0.99981689453125,36.3420440733629,0.9938198566407836,,Pillow
AVIF,kodak_02,512,30,45.10154200000005,24.188666999999995,19750,0.60272216796875,34.525675530204886,0.9905089681269024,,ffmpeg/libsvtav1 CRF30
CAPS,kodak_02,1024,82,34.9517,22.9554,545403,4.161094665527344,37.690770077663345,0.9932083150038878,,8 threads
PNG,kodak_02,1024,82,70.8393329999999,,1389977,10.604682922363281,99.0,1.0,,Pillow
JPEG,kodak_02,1024,82,4.683957999999766,,147568,1.1258544921875,40.123406730368075,0.9972290711452025,,Pillow
WebP,kodak_02,1024,82,58.56412500000019,,85348,0.651153564453125,38.842898608600386,0.9958708704613328,,Pillow
AVIF,kodak_02,1024,30,75.76370800000021,31.915791000000304,49287,0.37602996826171875,37.368603373650586,0.9940436291036492,,ffmpeg/libsvtav1 CRF30
CAPS,kodak_03,512,82,11.0281,7.48721,174568,5.327392578125,39.15225990402469,0.9987696571457476,,8 threads
PNG,kodak_03,512,82,17.17016700000018,,398032,12.14697265625,99.0,1.0,,Pillow
JPEG,kodak_03,512,82,1.7906250000003787,,40511,1.236297607421875,37.05248434564977,0.9986580939841125,,Pillow
WebP,kodak_03,512,82,15.656583000000168,,26792,0.817626953125,38.10651537216875,0.9987952490656764,,Pillow
AVIF,kodak_03,512,30,43.65033299999999,26.474499999999956,18311,0.558807373046875,36.6144598810314,0.9982971027479215,,ffmpeg/libsvtav1 CRF30
CAPS,kodak_03,1024,82,38.8483,21.9905,431002,3.2882843017578125,38.43926942070446,0.9983712157997487,,8 threads
PNG,kodak_03,1024,82,73.63658399999994,,1230872,9.39080810546875,99.0,1.0,,Pillow
JPEG,kodak_03,1024,82,4.712417000000357,,116150,0.8861541748046875,41.948678626158795,0.9994411974385481,,Pillow
WebP,kodak_03,1024,82,51.50499999999969,,57786,0.4408721923828125,40.46888830629107,0.9991932796442793,,Pillow
AVIF,kodak_03,1024,30,71.07824999999978,28.541249999999962,35039,0.26732635498046875,39.56277346118312,0.9989425048957982,,ffmpeg/libsvtav1 CRF30
CAPS,kodak_04,512,82,12.4384,7.28862,206545,6.303253173828125,38.63560493169457,0.9983422693879058,,8 threads
PNG,kodak_04,512,82,15.348959000000217,,450759,13.756072998046875,99.0,1.0,,Pillow
JPEG,kodak_04,512,82,1.7747500000000471,,48690,1.48590087890625,35.731866009524296,0.9976883292194579,,Pillow
WebP,kodak_04,512,82,17.02179199999998,,37072,1.13134765625,36.764211242311305,0.9980054891005187,,Pillow
AVIF,kodak_04,512,30,41.62666599999998,24.10191699999986,22634,0.69073486328125,35.14140123485998,0.9970896143044261,,ffmpeg/libsvtav1 CRF30
CAPS,kodak_04,1024,82,35.486,23.0702,516648,3.94171142578125,37.649086461660474,0.9976312367802137,,8 threads
PNG,kodak_04,1024,82,69.0800410000003,,1412266,10.774734497070312,99.0,1.0,,Pillow
JPEG,kodak_04,1024,82,4.8341250000003555,,153145,1.1684036254882812,40.82065132659956,0.9991229509977745,,Pillow
WebP,kodak_04,1024,82,59.90758300000021,,90956,0.693939208984375,38.96870802773036,0.9986161645100767,,Pillow
AVIF,kodak_04,1024,30,74.16662500000015,30.57170900000017,50619,0.38619232177734375,37.98488095294743,0.9981649706088044,,ffmpeg/libsvtav1 CRF30
CAPS,kodak_05,512,82,13.4032,7.87704,284743,8.689666748046875,38.21034912240328,0.9985416078647155,,8 threads
PNG,kodak_05,512,82,15.057624999999852,,559646,17.07904052734375,99.0,1.0,,Pillow
JPEG,kodak_05,512,82,2.1014589999994726,,86738,2.64703369140625,32.95670584507378,0.9970689091115928,,Pillow
WebP,kodak_05,512,82,22.119541999999548,,75902,2.31634521484375,35.05971184138174,0.9978095973255322,,Pillow
AVIF,kodak_05,512,30,47.296874999999794,26.608249999999778,57900,1.7669677734375,33.23634274282182,0.9966475597707525,,ffmpeg/libsvtav1 CRF30
CAPS,kodak_05,1024,82,39.368,24.3632,720901,5.500038146972656,37.18152890953533,0.9980125648944389,,8 threads
PNG,kodak_05,1024,82,59.99916599999988,,1800465,13.736457824707031,99.0,1.0,,Pillow
JPEG,kodak_05,1024,82,5.355584000000135,,232681,1.7752151489257812,38.37232816946204,0.9990060883057458,,Pillow
WebP,kodak_05,1024,82,70.19912499999936,,163872,1.250244140625,37.42395675685639,0.9986766485780432,,Pillow
AVIF,kodak_05,1024,30,80.19637499999988,37.24141699999972,106057,0.8091506958007812,36.310335983471624,0.9980715192484961,,ffmpeg/libsvtav1 CRF30
CAPS,kodak_06,512,82,11.8864,7.53896,221721,6.766387939453125,38.75761606968927,0.999168903183986,,8 threads
PNG,kodak_06,512,82,15.389166000000287,,481409,14.691436767578125,99.0,1.0,,Pillow
JPEG,kodak_06,512,82,1.7929580000002332,,63305,1.931915283203125,34.46678092126356,0.998713770764051,,Pillow
WebP,kodak_06,512,82,19.86720799999997,,55790,1.70257568359375,36.465505567045305,0.998990866927124,,Pillow
AVIF,kodak_06,512,30,44.2783750000002,25.236417000000344,39813,1.214996337890625,35.10727930276837,0.9986167157422896,,ffmpeg/libsvtav1 CRF30
CAPS,kodak_06,1024,82,37.475,23.4351,583726,4.4534759521484375,37.778858413459076,0.9988435442610369,,8 threads
PNG,kodak_06,1024,82,62.12608299999989,,1534385,11.706428527832031,99.0,1.0,,Pillow
JPEG,kodak_06,1024,82,5.706041000000717,,184751,1.4095382690429688,39.97853391508921,0.9995047853967225,,Pillow
WebP,kodak_06,1024,82,62.832709000000264,,126576,0.9656982421875,38.36789999819902,0.9992637171728089,,Pillow
AVIF,kodak_06,1024,30,74.96191699999954,32.86587499999971,75806,0.5783538818359375,37.67896032355719,0.9989994217367857,,ffmpeg/libsvtav1 CRF30
CAPS,kodak_07,512,82,10.7737,7.05642,184906,5.64288330078125,38.73193514109306,0.9983029473180498,,8 threads
PNG,kodak_07,512,82,16.98970799999966,,411854,12.56878662109375,99.0,1.0,,Pillow
JPEG,kodak_07,512,82,1.8562920000002592,,48536,1.481201171875,36.530128535225515,0.998043067165342,,Pillow
WebP,kodak_07,512,82,16.650625000000474,,33166,1.01214599609375,37.582098623828,0.9982358451893637,,Pillow
AVIF,kodak_07,512,30,43.99962500000054,24.195041999999667,24071,0.734588623046875,35.9922292538412,0.997377892949921,,ffmpeg/libsvtav1 CRF30
CAPS,kodak_07,1024,82,33.3193,21.4691,452507,3.4523544311523438,37.955507088545524,0.9977450279652084,,8 threads
PNG,kodak_07,1024,82,73.2985829999997,,1297458,9.898818969726562,99.0,1.0,,Pillow
JPEG,kodak_07,1024,82,4.957917000000478,,132507,1.0109481811523438,41.546718225960355,0.9992558083829556,,Pillow
WebP,kodak_07,1024,82,53.98425000000007,,69474,0.5300445556640625,39.96585010603903,0.998867066849292,,Pillow
AVIF,kodak_07,1024,30,73.74949999999902,32.80200000000022,43965,0.33542633056640625,38.999108371747596,0.9984537383848883,,ffmpeg/libsvtav1 CRF30
CAPS,kodak_08,512,82,13.6354,8.37058,292266,8.91925048828125,38.37085778726073,0.9991332957935906,,8 threads
PNG,kodak_08,512,82,14.943875000000162,,536199,16.363494873046875,99.0,1.0,,Pillow
JPEG,kodak_08,512,82,1.9679999999997477,,84057,2.565216064453125,33.145971061347765,0.9984098461598665,,Pillow
WebP,kodak_08,512,82,22.553625000000466,,75318,2.29852294921875,35.498806468650855,0.9988615790291547,,Pillow
AVIF,kodak_08,512,30,47.634834000000126,27.259792000000616,54457,1.661895751953125,33.52866370320608,0.9981128962773647,,ffmpeg/libsvtav1 CRF30
CAPS,kodak_08,1024,82,40.574,24.6511,768295,5.861625671386719,37.25919134334404,0.998808687673277,,8 threads
PNG,kodak_08,1024,82,60.93862499999858,,1744104,13.30645751953125,99.0,1.0,,Pillow
JPEG,kodak_08,1024,82,5.689333000001184,,240257,1.8330154418945312,38.15158313862727,0.9993923151903311,,Pillow
WebP,kodak_08,1024,82,72.84233300000054,,178732,1.363616943359375,37.46295591407748,0.9992310376393222,,Pillow
AVIF,kodak_08,1024,30,81.10283300000098,38.136916999999215,109885,0.8383560180664062,36.03952812405285,0.9987757199033064,,ffmpeg/libsvtav1 CRF30
CAPS,kodak_09,512,82,12.985,8.74488,181958,5.55291748046875,39.17188144456108,0.9983652582786339,,8 threads
PNG,kodak_09,512,82,15.337333999999814,,409739,12.504241943359375,99.0,1.0,,Pillow
JPEG,kodak_09,512,82,1.618582999999063,,40388,1.2325439453125,37.37815074447974,0.9982304503015045,,Pillow
WebP,kodak_09,512,82,15.354374999999365,,26104,0.796630859375,38.18194217217689,0.9983312130089275,,Pillow
AVIF,kodak_09,512,30,42.6195000000007,23.640249999999696,18059,0.551116943359375,36.889718866412046,0.9976947859136979,,ffmpeg/libsvtav1 CRF30
CAPS,kodak_09,1024,82,34.6843,22.2769,476493,3.6353530883789062,38.355679346886845,0.9978062895903702,,8 threads
PNG,kodak_09,1024,82,74.89129100000014,,1301383,9.928764343261719,99.0,1.0,,Pillow
JPEG,kodak_09,1024,82,4.722375000000056,,135090,1.0306549072265625,41.62875394878233,0.9991838981333031,,Pillow
WebP,kodak_09,1024,82,54.136250000000885,,66260,0.505523681640625,39.83095747058847,0.9987292384093236,,Pillow
AVIF,kodak_09,1024,30,70.73862499999883,30.256874999999184,36164,0.275909423828125,38.85710403845084,0.9982756355879457,,ffmpeg/libsvtav1 CRF30
CAPS,kodak_10,512,82,11.3647,7.10412,196702,6.00286865234375,38.87116796824499,0.9982393763293118,,8 threads
PNG,kodak_10,512,82,15.156207999998728,,420731,12.839691162109375,99.0,1.0,,Pillow
JPEG,kodak_10,512,82,1.6627919999994134,,45547,1.389984130859375,36.9682498036678,0.9981614702197076,,Pillow
WebP,kodak_10,512,82,16.139334000000005,,30858,0.94171142578125,37.73410544384992,0.9981990927428438,,Pillow
AVIF,kodak_10,512,30,42.22395900000109,25.158874999998915,20546,0.62701416015625,36.488649498807135,0.997483186281524,,ffmpeg/libsvtav1 CRF30
CAPS,kodak_10,1024,82,33.8975,22.2335,494440,3.77227783203125,38.08728694553381,0.9976450851204176,,8 threads
PNG,kodak_10,1024,82,73.39795799999926,,1329068,10.139984130859375,99.0,1.0,,Pillow
JPEG,kodak_10,1024,82,4.641208000000674,,140970,1.0755157470703125,41.39906586868592,0.9991621776331424,,Pillow
WebP,kodak_10,1024,82,55.25733400000021,,73040,0.5572509765625,39.670415055659824,0.998708808341503,,Pillow
AVIF,kodak_10,1024,30,70.88920800000054,30.003582999999168,40792,0.31121826171875,38.69792523361405,0.9982193457229973,,ffmpeg/libsvtav1 CRF30
CAPS,kodak_11,512,82,11.6155,7.32325,223362,6.81646728515625,38.75832300469496,0.9984859942000909,,8 threads
PNG,kodak_11,512,82,15.713458000000458,,455952,13.91455078125,99.0,1.0,,Pillow
JPEG,kodak_11,512,82,1.717375000000132,,58804,1.7945556640625,34.93330855082067,0.9978613397659751,,Pillow
WebP,kodak_11,512,82,18.852874999998548,,48336,1.47509765625,36.54986544670885,0.9982075376097924,,Pillow
AVIF,kodak_11,512,30,44.461082999999846,26.360708000000344,33718,1.02899169921875,34.89382756430543,0.9972747892829664,,ffmpeg/libsvtav1 CRF30
CAPS,kodak_11,1024,82,36.6315,22.8988,572634,4.3688507080078125,37.835650036927795,0.9979325900481543,,8 threads
PNG,kodak_11,1024,82,62.784625000000815,,1464312,11.17181396484375,99.0,1.0,,Pillow
JPEG,kodak_11,1024,82,5.45091599999914,,172647,1.3171920776367188,40.32167512505035,0.999219714265597,,Pillow
WebP,kodak_11,1024,82,61.7249159999993,,111056,0.8472900390625,38.76585344893981,0.9988023564259398,,Pillow
AVIF,kodak_11,1024,30,78.6623750000004,32.70466700000085,69193,0.5279006958007812,37.721047498231094,0.9982778699371216,,ffmpeg/libsvtav1 CRF30
CAPS,kodak_12,512,82,11.3906,6.75612,182985,5.584259033203125,38.87466445257217,0.9987588787490296,,8 threads
PNG,kodak_12,512,82,15.767541000000662,,411214,12.54925537109375,99.0,1.0,,Pillow
JPEG,kodak_12,512,82,1.8124999999997726,,42977,1.311553955078125,37.27391532778442,0.9988387514703517,,Pillow
WebP,kodak_12,512,82,15.89808299999973,,29108,0.8883056640625,37.85390772287454,0.9988338231990775,,Pillow
AVIF,kodak_12,512,30,41.82941600000056,23.671833999999947,17933,0.547271728515625,36.401893155154724,0.9983269544905552,,ffmpeg/libsvtav1 CRF30
CAPS,kodak_12,1024,82,43.9536,22.0057,461361,3.5199050903320312,38.08839434797897,0.9983573160534717,,8 threads
PNG,kodak_12,1024,82,80.26470799999963,,1296187,9.889122009277344,99.0,1.0,,Pillow
JPEG,kodak_12,1024,82,5.053166999999803,,130809,0.9979934692382812,41.961156669803295,0.9994909432820637,,Pillow
WebP,kodak_12,1024,82,54.67670800000057,,71960,0.54901123046875,40.18958898737182,0.9992010782191753,,Pillow
AVIF,kodak_12,1024,30,74.2449159999996,30.046583000000737,39434,0.3008575439453125,39.03474353925881,0.9988712450489482,,ffmpeg/libsvtav1 CRF30
CAPS,kodak_13,512,82,13.762,8.30288,309728,9.4521484375,38.09737773026319,0.9988350174139843,,8 threads
PNG,kodak_13,512,82,14.425375000000074,,603491,18.417083740234375,99.0,1.0,,Pillow
JPEG,kodak_13,512,82,2.2360829999996668,,94265,2.876739501953125,31.96486085500295,0.9975354448342454,,Pillow
WebP,kodak_13,512,82,24.427834000000814,,91294,2.78607177734375,35.05809861639034,0.9984066915840443,,Pillow
AVIF,kodak_13,512,30,48.34887500000029,27.445999999999415,71328,2.1767578125,33.39951367361341,0.9975866389262791,,ffmpeg/libsvtav1 CRF30
CAPS,kodak_13,1024,82,42.5173,25.0112,848604,6.474334716796875,36.927316133298305,0.9983432829984977,,8 threads
PNG,kodak_13,1024,82,60.59741699999854,,1990597,15.187049865722656,99.0,1.0,,Pillow
JPEG,kodak_13,1024,82,5.686082999998732,,271755,2.0733261108398438,37.14022287656067,0.9990830308639492,,Pillow
WebP,kodak_13,1024,82,78.99641599999896,,228166,1.7407684326171875,36.76606611655212,0.9988897811897428,,Pillow
AVIF,kodak_13,1024,30,81.23862499999923,40.17687500000022,142435,1.0866928100585938,35.674963697328025,0.9983230146224679,,ffmpeg/libsvtav1 CRF30
CAPS,kodak_14,512,82,16.9809,7.55583,257406,7.85540771484375,38.51654728246367,0.9987287997957255,,8 threads
PNG,kodak_14,512,82,23.706083000000433,,520297,15.878204345703125,99.0,1.0,,Pillow
JPEG,kodak_14,512,82,1.9337500000009555,,72824,2.222412109375,32.99686068319637,0.9970502090895693,,Pillow
WebP,kodak_14,512,82,20.778790999999686,,65214,1.99017333984375,34.92419977160274,0.9978200219706561,,Pillow
AVIF,kodak_14,512,30,46.89162500000066,25.92974999999953,46651,1.423675537109375,33.01083764204896,0.9968130446904169,,ffmpeg/libsvtav1 CRF30
CAPS,kodak_14,1024,82,38.5705,24.1572,665022,5.0737152099609375,37.461553219121384,0.9982265241781252,,8 threads
PNG,kodak_14,1024,82,65.53883299999974,,1652403,12.606834411621094,99.0,1.0,,Pillow
JPEG,kodak_14,1024,82,5.597500000000366,,205667,1.5691146850585938,38.79488306658768,0.9990487062882382,,Pillow
WebP,kodak_14,1024,82,68.2306660000016,,144986,1.1061553955078125,37.96981636478864,0.9988259451148074,,Pillow
AVIF,kodak_14,1024,30,77.88454199999961,34.172542000000306,90280,0.68878173828125,36.41417240241446,0.9981944387748921,,ffmpeg/libsvtav1 CRF30
CAPS,kodak_15,512,82,11.6955,7.56004,202788,6.1885986328125,39.17590478415931,0.9996050714781938,,8 threads
PNG,kodak_15,512,82,15.353499999999798,,420055,12.819061279296875,99.0,1.0,,Pillow
JPEG,kodak_15,512,82,1.8231659999976557,,45001,1.373321533203125,35.815378998128224,0.9994477775873573,,Pillow
WebP,kodak_15,512,82,16.4519580000011,,31844,0.9718017578125,36.83453740939623,0.9995165210993754,,Pillow
AVIF,kodak_15,512,30,44.3283749999992,24.820957999999393,20402,0.62261962890625,35.46045817112648,0.9993280744636264,,ffmpeg/libsvtav1 CRF30
CAPS,kodak_15,1024,82,36.0999,23.822,515521,3.9331130981445312,38.366419599523205,0.9994671811043829,,8 threads
PNG,kodak_15,1024,82,70.98812499999951,,1361487,10.387321472167969,99.0,1.0,,Pillow
JPEG,kodak_15,1024,82,5.043875000001918,,138542,1.0569915771484375,40.28416564280448,0.999758773323348,,Pillow
WebP,kodak_15,1024,82,56.68829200000047,,80472,0.61395263671875,39.16589599228965,0.9996779209608384,,Pillow
AVIF,kodak_15,1024,30,71.99979200000328,30.52987499999915,46042,0.3512725830078125,38.00209150975342,0.9995485393663869,,ffmpeg/libsvtav1 CRF30
CAPS,kodak_16,512,82,10.9845,6.94137,184397,5.627349853515625,39.01391157696467,0.9986812133833333,,8 threads
PNG,kodak_16,512,82,15.691999999997819,,424840,12.965087890625,99.0,1.0,,Pillow
JPEG,kodak_16,512,82,1.7470420000016418,,49354,1.50616455078125,36.37245856052588,0.9985478367128111,,Pillow
WebP,kodak_16,512,82,17.992624999997986,,40104,1.223876953125,37.68679356975823,0.9986932262931031,,Pillow
AVIF,kodak_16,512,30,43.17774999999813,24.582542000000984,26491,0.808441162109375,36.24399663149537,0.9980993609593004,,ffmpeg/libsvtav1 CRF30
CAPS,kodak_16,1024,82,35.0816,22.4287,475735,3.6295700073242188,38.146304836404,0.9981903177733632,,8 threads
PNG,kodak_16,1024,82,77.87191699999951,,1361503,10.387443542480469,99.0,1.0,,Pillow
JPEG,kodak_16,1024,82,4.863540999998861,,147271,1.1235885620117188,41.77991761228288,0.9994254153167393,,Pillow
WebP,kodak_16,1024,82,58.08045899999925,,89488,0.6827392578125,39.60449641266098,0.9990171612445695,,Pillow
AVIF,kodak_16,1024,30,69.23687499999787,30.446959000002494,51960,0.39642333984375,38.95906243993064,0.9986937267159395,,ffmpeg/libsvtav1 CRF30
CAPS,kodak_17,512,82,11.4595,7.23746,192435,5.872650146484375,38.89579422518092,0.9989075796322414,,8 threads
PNG,kodak_17,512,82,15.596458999997509,,436686,13.32659912109375,99.0,1.0,,Pillow
JPEG,kodak_17,512,82,1.7067920000002346,,49184,1.5009765625,36.91043651751544,0.9989493025303702,,Pillow
WebP,kodak_17,512,82,17.46270900000013,,34292,1.0465087890625,37.53251356791292,0.9989061256005887,,Pillow
AVIF,kodak_17,512,30,42.63995799999876,25.775625000001412,23869,0.728424072265625,36.22492288044867,0.998428481726344,,ffmpeg/libsvtav1 CRF30
CAPS,kodak_17,1024,82,35.446,22.29,494935,3.7760543823242188,38.11390847178342,0.9985356348938124,,8 threads
PNG,kodak_17,1024,82,71.60783299999807,,1369068,10.445159912109375,99.0,1.0,,Pillow
JPEG,kodak_17,1024,82,4.793708000001118,,148385,1.1320877075195312,41.15680098731822,0.9994926313691395,,Pillow
WebP,kodak_17,1024,82,57.55637500000077,,81788,0.623992919921875,39.55940280067236,0.9992016498524765,,Pillow
AVIF,kodak_17,1024,30,69.58195800000055,30.634040999999,49354,0.3765411376953125,38.53587763864147,0.9989055102906956,,ffmpeg/libsvtav1 CRF30
CAPS,kodak_18,512,82,12.969,8.48483,266271,8.125946044921875,38.151611299009296,0.9975593502093891,,8 threads
PNG,kodak_18,512,82,15.892041000000745,,535823,16.352020263671875,99.0,1.0,,Pillow
JPEG,kodak_18,512,82,2.149542000001503,,69854,2.13177490234375,33.49922088470163,0.9955315192463813,,Pillow
WebP,kodak_18,512,82,23.224124999998708,,62302,1.90130615234375,35.19472835126466,0.9963678559114971,,Pillow
AVIF,kodak_18,512,30,45.00758299999674,28.26466699999841,43750,1.33514404296875,33.721098811258244,0.9947280001649624,,ffmpeg/libsvtav1 CRF30
CAPS,kodak_18,1024,82,40.2595,25.6373,682601,5.207832336425781,37.03839715203592,0.9965768877632883,,8 threads
PNG,kodak_18,1024,82,59.5422499999998,,1725304,13.16302490234375,99.0,1.0,,Pillow
JPEG,kodak_18,1024,82,5.484082999998918,,210168,1.60345458984375,38.53539268940831,0.9982662773326387,,Pillow
WebP,kodak_18,1024,82,68.77895899999942,,151526,1.1560516357421875,37.34038277069936,0.9976323580144627,,Pillow
AVIF,kodak_18,1024,30,75.31733300000099,35.9649169999976,88796,0.677459716796875,36.28149653074089,0.9965897426500266,,ffmpeg/libsvtav1 CRF30
CAPS,kodak_19,512,82,11.4335,7.27058,210515,6.424407958984375,38.64979081306379,0.9988053798549215,,8 threads
PNG,kodak_19,512,82,14.562500000000256,,457783,13.970428466796875,99.0,1.0,,Pillow
JPEG,kodak_19,512,82,1.706916999999919,,54067,1.649993896484375,35.66427140765525,0.9985759321834203,,Pillow
WebP,kodak_19,512,82,18.72333300000051,,43476,1.3267822265625,36.78525807701789,0.9986741942527296,,Pillow
AVIF,kodak_19,512,30,42.74062499999687,24.558540999997547,29097,0.887969970703125,35.58759876080067,0.9981688376543081,,ffmpeg/libsvtav1 CRF30
CAPS,kodak_19,1024,82,35.2886,22.511,552953,4.218696594238281,37.700167592053766,0.9983524563601538,,8 threads
PNG,kodak_19,1024,82,67.98254199999931,,1463456,11.165283203125,99.0,1.0,,Pillow
JPEG,kodak_19,1024,82,5.352208000001468,,171490,1.3083648681640625,40.46440190913973,0.999393730962114,,Pillow
WebP,kodak_19,1024,82,62.55608400000057,,107802,0.8224639892578125,38.636839043019776,0.9990376091868713,,Pillow
AVIF,kodak_19,1024,30,70.01891599999865,31.840917000000246,62553,0.47724151611328125,37.8790359688048,0.9986852831966311,,ffmpeg/libsvtav1 CRF30
CAPS,kodak_20,512,82,10.7548,6.96662,192095,5.862274169921875,40.45086776055549,0.9997677052559739,,8 threads
PNG,kodak_20,512,82,14.493333999997304,,349741,10.673248291015625,99.0,1.0,,Pillow
JPEG,kodak_20,512,82,1.3511249999993424,,38313,1.169219970703125,36.65821246338363,0.9996706999780137,,Pillow
WebP,kodak_20,512,82,14.480458000001306,,27210,0.83038330078125,37.81266617600363,0.9997093691762986,,Pillow
AVIF,kodak_20,512,30,41.6529170000004,24.49074999999823,20439,0.623748779296875,36.7161464673837,0.9996151634374038,,ffmpeg/libsvtav1 CRF30
CAPS,kodak_20,1024,82,33.3946,21.8319,487672,3.72064208984375,39.51131678955829,0.9996770345024053,,8 threads
PNG,kodak_20,1024,82,59.45104200000273,,1127722,8.603836059570312,99.0,1.0,,Pillow
JPEG,kodak_20,1024,82,4.581625000000145,,113903,0.8690109252929688,40.97552187697447,0.9998477869455477,,Pillow
WebP,kodak_20,1024,82,49.624833999999396,,64964,0.495635986328125,39.738378655990445,0.9997861302566705,,Pillow
AVIF,kodak_20,1024,30,68.58766699999919,31.747666999997648,41352,0.31549072265625,38.99111449333545,0.9997200138865048,,ffmpeg/libsvtav1 CRF30
CAPS,kodak_21,512,82,12.18,7.56417,219431,6.696502685546875,38.74062495953766,0.9986811532268705,,8 threads
PNG,kodak_21,512,82,14.842874999999367,,474786,14.48931884765625,99.0,1.0,,Pillow
JPEG,kodak_21,512,82,1.9346250000005227,,55916,1.7064208984375,34.88474804019082,0.9981495525591197,,Pillow
WebP,kodak_21,512,82,17.31854100000163,,45174,1.37860107421875,36.587858798055066,0.9984757448097166,,Pillow
AVIF,kodak_21,512,30,43.60416699999803,26.78958299999934,35125,1.071929931640625,35.51868754518819,0.9979287636163948,,ffmpeg/libsvtav1 CRF30
CAPS,kodak_21,1024,82,36.4952,22.9716,579144,4.41851806640625,37.85190084548495,0.998231757241196,,8 threads
PNG,kodak_21,1024,82,68.14662499999713,,1531236,11.682403564453125,99.0,1.0,,Pillow
JPEG,kodak_21,1024,82,5.753209000001647,,171589,1.3091201782226562,39.84748481613555,0.9992560361165194,,Pillow
WebP,kodak_21,1024,82,61.01545799999997,,110746,0.8449249267578125,38.45023262802044,0.9988965036070532,,Pillow
AVIF,kodak_21,1024,30,71.15991700000279,31.914000000000442,66903,0.5104293823242188,37.669481659020185,0.9984978888457173,,ffmpeg/libsvtav1 CRF30
CAPS,kodak_22,512,82,12.9788,7.93621,245166,7.48187255859375,38.23919901550546,0.9985054227998333,,8 threads
PNG,kodak_22,512,82,14.692040999999989,,481892,14.7061767578125,99.0,1.0,,Pillow
JPEG,kodak_22,512,82,1.5706249999993815,,57517,1.755279541015625,34.49531717987486,0.9977262526786075,,Pillow
WebP,kodak_22,512,82,18.623958999999246,,48354,1.47564697265625,35.68395772457401,0.9980172151247417,,Pillow
AVIF,kodak_22,512,30,45.05695900000006,25.065208000000894,32007,0.976776123046875,34.19307224035379,0.997100996009249,,ffmpeg/libsvtav1 CRF30
CAPS,kodak_22,1024,82,36.7169,24.3117,609126,4.6472625732421875,37.24815384103095,0.9978733270043968,,8 threads
PNG,kodak_22,1024,82,70.31816699999993,,1554093,11.856788635253906,99.0,1.0,,Pillow
JPEG,kodak_22,1024,82,5.794957999999184,,175352,1.33782958984375,39.2094426119159,0.9990673049110762,,Pillow
WebP,kodak_22,1024,82,64.54920799999897,,116116,0.885894775390625,37.92739990897519,0.998653211329418,,Pillow
AVIF,kodak_22,1024,30,75.8698750000022,33.27441700000122,67809,0.5173416137695312,36.85944389188913,0.9981280222671536,,ffmpeg/libsvtav1 CRF30
CAPS,kodak_23,512,82,11.3682,9.50871,172462,5.26312255859375,38.978426268509594,0.999180394948382,,8 threads
PNG,kodak_23,512,82,16.076541000000333,,393173,11.998687744140625,99.0,1.0,,Pillow
JPEG,kodak_23,512,82,1.4814169999972648,,37204,1.1353759765625,37.28813525996757,0.9990885348467202,,Pillow
WebP,kodak_23,512,82,15.447500000000502,,24030,0.73333740234375,37.63219432111026,0.999060196708076,,Pillow
AVIF,kodak_23,512,30,39.61241700000073,24.2583329999988,14965,0.456695556640625,36.02832564054135,0.9986820914370657,,ffmpeg/libsvtav1 CRF30
CAPS,kodak_23,1024,82,32.2755,22.4149,423698,3.2325592041015625,38.330455391069684,0.9989130838447594,,8 threads
PNG,kodak_23,1024,82,76.27554199999764,,1237118,9.438461303710938,99.0,1.0,,Pillow
JPEG,kodak_23,1024,82,5.174583000002286,,117997,0.9002456665039062,41.67002769591033,0.999613233896691,,Pillow
WebP,kodak_23,1024,82,53.4622500000026,,58692,0.447784423828125,40.23085233512097,0.9994153763368773,,Pillow
AVIF,kodak_23,1024,30,66.47854099999861,30.95733299999992,30041,0.22919464111328125,38.97707558451459,0.9992102049654824,,ffmpeg/libsvtav1 CRF30
CAPS,kodak_24,512,82,12.8433,7.89683,258858,7.89971923828125,38.54341904732932,0.9990048160051535,,8 threads
PNG,kodak_24,512,82,15.533167000000958,,490195,14.959564208984375,99.0,1.0,,Pillow
JPEG,kodak_24,512,82,2.1323329999987095,,68368,2.08642578125,33.364998957069545,0.9980157621443031,,Pillow
WebP,kodak_24,512,82,20.378541000003025,,58158,1.77484130859375,35.11805794423316,0.9984783907502575,,Pillow
AVIF,kodak_24,512,30,45.343624999997445,28.562583000002917,43181,1.317779541015625,33.77383409694175,0.9978406351896746,,ffmpeg/libsvtav1 CRF30
CAPS,kodak_24,1024,82,39.6957,25.3866,673392,5.1375732421875,37.587030743793,0.9986132494036113,,8 threads
PNG,kodak_24,1024,82,64.65266700000072,,1571002,11.985794067382812,99.0,1.0,,Pillow
JPEG,kodak_24,1024,82,5.608957999999831,,193848,1.47894287109375,37.653269010761036,0.9990970648496316,,Pillow
WebP,kodak_24,1024,82,64.60258300000277,,136370,1.0404205322265625,37.346613946187055,0.9989900024603878,,Pillow
AVIF,kodak_24,1024,30,78.12616700000063,37.73924999999778,87165,0.6650161743164062,36.36758402920165,0.9986140457416254,,ffmpeg/libsvtav1 CRF30
CAPS,div2k_0801x2,512,82,14.2976,8.36746,306974,9.36810302734375,38.214065641088716,0.9991511514530612,,8 threads
PNG,div2k_0801x2,512,82,15.922124999999454,,568834,17.35943603515625,99.0,1.0,,Pillow
JPEG,div2k_0801x2,512,82,2.028417000001781,,81843,2.497650146484375,33.23429307549331,0.9984313408604231,,Pillow
WebP,div2k_0801x2,512,82,23.536958000001107,,76362,2.33038330078125,34.94937240732612,0.9987597490505354,,Pillow
AVIF,div2k_0801x2,512,30,46.402457999999314,26.623499999999467,53874,1.64410400390625,33.42044211565527,0.998040244319365,,ffmpeg/libsvtav1 CRF30
CAPS,div2k_0801x2,1024,82,43.8857,27.1367,875217,6.677375793457031,37.08138092209996,0.9987766096783276,,8 threads
PNG,div2k_0801x2,1024,82,57.63462499999861,,1904492,14.530120849609375,99.0,1.0,,Pillow
JPEG,div2k_0801x2,1024,82,5.682959000001375,,243566,1.8582611083984375,36.221056705314126,0.9990797279693079,,Pillow
WebP,div2k_0801x2,1024,82,74.97820799999744,,198868,1.517242431640625,36.16764038570646,0.998994859462922,,Pillow
AVIF,div2k_0801x2,1024,30,80.34066700000153,45.252707999999586,119522,0.9118804931640625,35.03732209915219,0.9985088117073263,,ffmpeg/libsvtav1 CRF30
CAPS,div2k_0802x2,512,82,15.8301,9.79817,317273,9.682403564453125,37.767138640264626,0.9985343537163279,,8 threads
PNG,div2k_0802x2,512,82,16.712459000000734,,484502,14.78582763671875,99.0,1.0,,Pillow
JPEG,div2k_0802x2,512,82,1.9607920000019874,,67514,2.06036376953125,32.725742453222686,0.9950158959857575,,Pillow
WebP,div2k_0802x2,512,82,20.818916999999715,,52790,1.61102294921875,33.69225304726913,0.9961218090094867,,Pillow
AVIF,div2k_0802x2,512,30,46.65120800000011,25.3201660000002,33377,1.018585205078125,32.03198497063574,0.9947852865417715,,ffmpeg/libsvtav1 CRF30
CAPS,div2k_0802x2,1024,82,42.297,26.9409,834780,6.368865966796875,36.714981990819965,0.9979084178457194,,8 threads
PNG,div2k_0802x2,1024,82,63.10145899999853,,1635176,12.47540283203125,99.0,1.0,,Pillow
JPEG,div2k_0802x2,1024,82,5.877957999999239,,196835,1.5017318725585938,36.06288750420412,0.9976487774413267,,Pillow
WebP,div2k_0802x2,1024,82,67.91562500000126,,136936,1.04473876953125,36.25042239749776,0.9978966935025781,,Pillow
AVIF,div2k_0802x2,1024,30,78.6301250000001,35.04149999999839,74909,0.5715103149414062,34.78887738928829,0.9970933704910837,,ffmpeg/libsvtav1 CRF30
CAPS,div2k_0803x2,512,82,11.9223,8.28696,220522,6.72979736328125,38.381985281271824,0.9988731995378819,,8 threads
PNG,div2k_0803x2,512,82,17.562042000001554,,420699,12.838714599609375,99.0,1.0,,Pillow
JPEG,div2k_0803x2,512,82,1.8115000000022974,,48716,1.4866943359375,33.43543072707308,0.9970082235551829,,Pillow
WebP,div2k_0803x2,512,82,18.003041000000053,,34736,1.06005859375,34.33476794397166,0.9974399777290053,,Pillow
AVIF,div2k_0803x2,512,30,46.53937499999827,24.39762500000242,22316,0.6810302734375,33.25188676009361,0.997111157550091,,ffmpeg/libsvtav1 CRF30
CAPS,div2k_0803x2,1024,82,35.0339,22.4475,545636,4.162872314453125,37.680998748052225,0.9984934084289374,,8 threads
PNG,div2k_0803x2,1024,82,79.82895800000023,,1353175,10.323905944824219,99.0,1.0,,Pillow
JPEG,div2k_0803x2,1024,82,4.850833999999082,,135499,1.0337753295898438,37.67472512840184,0.9987364510210136,,Pillow
WebP,div2k_0803x2,1024,82,58.34454200000039,,79488,0.6064453125,37.846285431289516,0.9987278919018575,,Pillow
AVIF,div2k_0803x2,1024,30,73.859542000001,31.32850000000076,45038,0.3436126708984375,36.5986302735315,0.9984768560831204,,ffmpeg/libsvtav1 CRF30
CAPS,div2k_0804x2,512,82,15.2794,8.48879,336581,10.271636962890625,38.02124672959866,0.9992522421365174,,8 threads
PNG,div2k_0804x2,512,82,16.05495799999801,,521917,15.927642822265625,99.0,1.0,,Pillow
JPEG,div2k_0804x2,512,82,2.054208000000557,,80212,2.4478759765625,30.145275552648695,0.996893278198081,,Pillow
WebP,div2k_0804x2,512,82,21.33395899999968,,70502,2.15155029296875,31.419527448213493,0.9976220825795719,,Pillow
AVIF,div2k_0804x2,512,30,47.841249999997615,27.680584000002284,52299,1.596038818359375,30.198349023000205,0.9970723640400517,,ffmpeg/libsvtav1 CRF30
CAPS,div2k_0804x2,1024,82,49.9455,27.9286,926362,7.0675811767578125,36.93433609213949,0.9989310494826537,,8 threads
PNG,div2k_0804x2,1024,82,62.42074999999758,,1765014,13.465988159179688,99.0,1.0,,Pillow
JPEG,div2k_0804x2,1024,82,5.718790999999612,,239008,1.823486328125,33.641991879853045,0.9984745739792402,,Pillow
WebP,div2k_0804x2,1024,82,71.87308399999637,,186530,1.4231109619140625,34.278626622167124,0.9986489928402988,,Pillow
AVIF,div2k_0804x2,1024,30,87.02904100000097,39.71516699999711,118840,0.90667724609375,32.91343634994865,0.9982515770148165,,ffmpeg/libsvtav1 CRF30
CAPS,div2k_0805x2,512,82,14.0523,8.23546,283785,8.660430908203125,38.102072242492596,0.9993041160110618,,8 threads
PNG,div2k_0805x2,512,82,15.186624999998344,,540581,16.497222900390625,99.0,1.0,,Pillow
JPEG,div2k_0805x2,512,82,1.829540999999324,,70852,2.1622314453125,34.17451093644223,0.9989573444932319,,Pillow
WebP,div2k_0805x2,512,82,21.1865830000022,,65490,1.99859619140625,35.641568073664224,0.9991152115954237,,Pillow
AVIF,div2k_0805x2,512,30,47.491417000003366,28.02216700000315,42438,1.29510498046875,34.12211855133889,0.9986658926550239,,ffmpeg/libsvtav1 CRF30
CAPS,div2k_0805x2,1024,82,42.7061,26.7595,827585,6.313972473144531,36.99145355870462,0.9989873507849052,,8 threads
PNG,div2k_0805x2,1024,82,55.67470899999449,,1890239,14.421379089355469,99.0,1.0,,Pillow
JPEG,div2k_0805x2,1024,82,6.014208000003407,,229883,1.7538681030273438,36.95332959121306,0.999382393937123,,Pillow
WebP,div2k_0805x2,1024,82,72.19487500000099,,183708,1.401580810546875,36.8716037148164,0.9992932980580912,,Pillow
AVIF,div2k_0805x2,1024,30,78.47645799999725,37.97608299999666,106403,0.8117904663085938,35.47671233863404,0.9989229825585548,,ffmpeg/libsvtav1 CRF30
CAPS,div2k_0806x2,512,82,13.7309,8.41904,251034,7.66094970703125,38.948330503337466,0.9993719925189426,,8 threads
PNG,div2k_0806x2,512,82,17.758208000003606,,445362,13.59136962890625,99.0,1.0,,Pillow
JPEG,div2k_0806x2,512,82,1.73816699999918,,54337,1.658233642578125,33.231002715813126,0.9985829559098892,,Pillow
WebP,div2k_0806x2,512,82,18.320500000001516,,44512,1.3583984375,34.342161719621686,0.9988356520909348,,Pillow
AVIF,div2k_0806x2,512,30,44.571249999997065,25.02016700000098,30357,0.926422119140625,33.39521095933755,0.9985160361312082,,ffmpeg/libsvtav1 CRF30
CAPS,div2k_0806x2,1024,82,41.3334,25.5663,742338,5.6635894775390625,37.95030127179095,0.9991202282029551,,8 threads
PNG,div2k_0806x2,1024,82,67.27466699999951,,1508692,11.510406494140625,99.0,1.0,,Pillow
JPEG,div2k_0806x2,1024,82,5.613625000002287,,168504,1.28558349609375,35.088726059327854,0.9990069539908438,,Pillow
WebP,div2k_0806x2,1024,82,62.069166000000564,,126346,0.9639434814453125,35.61150148584447,0.9990825452632032,,Pillow
AVIF,div2k_0806x2,1024,30,82.81912500000033,36.40604200000297,77565,0.5917739868164062,34.815581754267,0.998874415399996,,ffmpeg/libsvtav1 CRF30
CAPS,div2k_0807x2,512,82,19.1097,10.8321,450501,13.748199462890625,37.677813725844366,0.9987692851832977,,8 threads
PNG,div2k_0807x2,512,82,14.627332999999965,,611229,18.653228759765625,99.0,1.0,,Pillow
JPEG,div2k_0807x2,512,82,2.0467499999980987,,93544,2.854736328125,27.99583155314723,0.9928961551087488,,Pillow
WebP,div2k_0807x2,512,82,23.829374999998265,,91578,2.79473876953125,29.466816200477,0.9948164275452356,,Pillow
AVIF,div2k_0807x2,512,30,48.38349999999991,27.61849999999555,70069,2.138336181640625,28.675220400967078,0.9940186775408427,,ffmpeg/libsvtav1 CRF30
CAPS,div2k_0807x2,1024,82,58.977,32.7033,1409682,10.755020141601562,36.43955031477528,0.9982446076291268,,8 threads
PNG,div2k_0807x2,1024,82,64.85525000000081,,2196084,16.754791259765625,99.0,1.0,,Pillow
JPEG,div2k_0807x2,1024,82,6.996207999996784,,317220,2.420196533203125,30.144482235573054,0.9954567887310842,,Pillow
WebP,div2k_0807x2,1024,82,88.09754199999986,,297130,2.2669219970703125,31.123654825793153,0.9963452457945863,,Pillow
AVIF,div2k_0807x2,1024,30,106.8471250000016,59.49929199999815,194619,1.4848251342773438,30.434865655963748,0.9959693497819745,,ffmpeg/libsvtav1 CRF30
CAPS,div2k_0808x2,512,82,13.4785,9.77192,246252,7.5150146484375,39.269682172045705,0.9994058082407412,,8 threads
PNG,div2k_0808x2,512,82,19.394832999999778,,429154,13.09674072265625,99.0,1.0,,Pillow
JPEG,div2k_0808x2,512,82,1.7417919999971332,,48811,1.489593505859375,33.0316536779827,0.9987233014277609,,Pillow
WebP,div2k_0808x2,512,82,17.994542000003833,,39858,1.21636962890625,34.33073539854884,0.9989812854131633,,Pillow
AVIF,div2k_0808x2,512,30,54.504958999999076,31.063875000000962,30038,0.91668701171875,33.40889816039977,0.9987261998049064,,ffmpeg/libsvtav1 CRF30
CAPS,div2k_0808x2,1024,82,50.5227,29.0202,724941,5.530860900878906,38.161106896492214,0.9991678853054852,,8 threads
PNG,div2k_0808x2,1024,82,70.60179200000505,,1500984,11.45159912109375,99.0,1.0,,Pillow
JPEG,div2k_0808x2,1024,82,5.55212500000124,,160308,1.223052978515625,35.55704497392871,0.9992158156588707,,Pillow
WebP,div2k_0808x2,1024,82,58.12466699999419,,122812,0.936981201171875,36.21057270277874,0.9992588289151493,,Pillow
AVIF,div2k_0808x2,1024,30,77.72066700000124,35.13250000000312,80583,0.6147994995117188,35.260225861170525,0.9990738642253443,,ffmpeg/libsvtav1 CRF30
CAPS,div2k_0809x2,512,82,13.4765,8.12183,278693,8.505035400390625,38.11178660610435,0.9988558069732405,,8 threads
PNG,div2k_0809x2,512,82,14.930499999998403,,521061,15.901519775390625,99.0,1.0,,Pillow
JPEG,div2k_0809x2,512,82,1.8426669999982437,,70644,2.1558837890625,33.70803717866287,0.9978565828335584,,Pillow
WebP,div2k_0809x2,512,82,20.986167000003775,,63512,1.938232421875,34.88031139868268,0.998170601043251,,Pillow
AVIF,div2k_0809x2,512,30,43.44679100000093,24.96833299999679,40944,1.24951171875,33.18535084859856,0.9971354171083269,,ffmpeg/libsvtav1 CRF30
CAPS,div2k_0809x2,1024,82,49.0639,26.6515,745153,5.685066223144531,37.018214991492904,0.9983511918062613,,8 threads
PNG,div2k_0809x2,1024,82,57.51754099999573,,1768386,13.491714477539062,99.0,1.0,,Pillow
JPEG,div2k_0809x2,1024,82,5.527167000003885,,215466,1.6438751220703125,37.251796777964024,0.9989432409660308,,Pillow
WebP,div2k_0809x2,1024,82,71.24191700000182,,165118,1.2597503662109375,36.82762965396708,0.9987501938920897,,Pillow
AVIF,div2k_0809x2,1024,30,73.62920899999637,35.82220900000266,96675,0.7375717163085938,35.58441638339848,0.9981736935902054,,ffmpeg/libsvtav1 CRF30
CAPS,div2k_0810x2,512,82,13.3472,7.99333,238039,7.264373779296875,38.50927964604533,0.9982859419196546,,8 threads
PNG,div2k_0810x2,512,82,16.13095900000161,,484486,14.78533935546875,99.0,1.0,,Pillow
JPEG,div2k_0810x2,512,82,2.0191250000038963,,60632,1.850341796875,34.65733021881844,0.997492452012274,,Pillow
WebP,div2k_0810x2,512,82,19.541667000005702,,52750,1.60980224609375,36.371696462187,0.9979062844656307,,Pillow
AVIF,div2k_0810x2,512,30,42.89354200000162,25.230499999999267,38658,1.17974853515625,35.61217041984092,0.9973058834481173,,ffmpeg/libsvtav1 CRF30
CAPS,div2k_0810x2,1024,82,40.4194,24.1142,718159,5.479118347167969,37.50158663307133,0.9976411202754247,,8 threads
PNG,div2k_0810x2,1024,82,64.57908299999815,,1737844,13.258697509765625,99.0,1.0,,Pillow
JPEG,div2k_0810x2,1024,82,5.585541000002081,,202025,1.5413284301757812,37.10808216729792,0.998426132552811,,Pillow
WebP,div2k_0810x2,1024,82,67.20608400000572,,160602,1.2252960205078125,37.405647110139626,0.9983218286434572,,Pillow
AVIF,div2k_0810x2,1024,30,75.47862500000235,34.64933300000439,103882,0.7925567626953125,37.01958223239359,0.9980582368953624,,ffmpeg/libsvtav1 CRF30
