image,size,layer,decode_ms,psnr,ms_ssim
kodak_01,512,0,5.83854,20.236607130460857,0.8540698387985631
kodak_01,512,1,5.55554,21.814999702708455,0.9211914299248319
kodak_01,512,2,6.09146,25.15799258637907,0.9743803556454009
kodak_01,512,3,7.68646,38.53068437530946,0.9979227767762433
kodak_01,1024,0,19.0842,20.039292451726148,0.810442429916801
kodak_01,1024,1,18.5407,21.538055984729368,0.8863422538447904
kodak_01,1024,2,19.8859,24.380590110714387,0.9521129387037299
kodak_01,1024,3,20.6613,31.383634069058374,0.9929889339738088
kodak_01,1024,4,25.4012,37.41210537980122,0.9972030562349208
kodak_02,512,0,5.73767,26.275510397896934,0.9143727242573222
kodak_02,512,1,6.04425,27.96733353258861,0.953110104341428
kodak_02,512,2,6.43783,30.94154330753589,0.98129450429564
kodak_02,512,3,7.67637,38.578466190010694,0.9949516322494123
kodak_02,1024,0,17.9689,26.110480781754262,0.8886041726921429
kodak_02,1024,1,41.4372,27.624384321117542,0.9305071168324158
kodak_02,1024,2,18.8477,30.20157591247917,0.9670401370310766
kodak_02,1024,3,20.8771,35.261000668531594,0.9904954075339882
kodak_02,1024,4,22.4736,37.690770077663345,0.9932083150038878
kodak_03,512,0,5.55863,26.422101966040763,0.9779847091798154
kodak_03,512,1,5.69567,28.418543883309944,0.988896343201949
kodak_03,512,2,5.95337,31.350004059313502,0.9954296747161315
kodak_03,512,3,6.95662,39.15225990402469,0.9987696571457476
kodak_03,1024,0,19.5077,26.401753438060446,0.97145524282085
kodak_03,1024,1,18.9586,28.35863509267988,0.9840131520397581
kodak_03,1024,2,18.2963,31.058339145151965,0.9923946881790257
kodak_03,1024,3,19.2975,36.69159434416896,0.997968260048413
kodak_03,1024,4,22.3992,38.43926942070446,0.9983712157997487
kodak_04,512,0,5.58292,25.031222713352335,0.9618499265705612
kodak_04,512,1,5.68696,27.15869749461255,0.9806570981096385
kodak_04,512,2,5.85408,30.7312862743128,0.9935849154408533
kodak_04,512,3,7.54783,38.63560493169457,0.9983422693879058
kodak_04,1024,0,18.5385,24.901421886373328,0.9498933750270798
kodak_04,1024,1,19.0165,26.892054872493514,0.97141991507475
kodak_04,1024,2,22.9205,29.956154023326373,0.9881852583522586
kodak_04,1024,3,21.9757,35.432846802843045,0.9968294412894555
kodak_04,1024,4,22.9207,37.649086461660474,0.9976312367802137
kodak_05,512,0,5.55467,19.234580114684906,0.879536360519745
kodak_05,512,1,6.17029,21.476106861003426,0.9477223632794848
kodak_05,512,2,7.41267,25.09362393391286,0.9837146511499727
kodak_05,512,3,7.80092,38.21034912240328,0.9985416078647155
kodak_05,1024,0,18.3011,19.05764666202145,0.8445777775725914
kodak_05,1024,1,18.8412,21.186603646385297,0.9233278598109993
kodak_05,1024,2,18.7506,24.33961000851811,0.9702023064219331
kodak_05,1024,3,20.4687,31.182670530581575,0.9951389991725127
kodak_05,1024,4,24.7918,37.18152890953533,0.9980125648944389
kodak_06,512,0,5.26821,22.403033279598205,0.9701242852946343
kodak_06,512,1,5.4955,23.873539184226125,0.981874008421887
kodak_06,512,2,5.73325,26.69254383708353,0.9921357367994846
kodak_06,512,3,7.734,38.75761606968927,0.999168903183986
kodak_06,1024,0,19.1431,22.33815738186997,0.959096137898723
kodak_06,1024,1,18.5028,23.753294770868273,0.9731688004002907
kodak_06,1024,2,18.9608,26.45945627612427,0.9868648344965945
kodak_06,1024,3,19.9755,33.080699778075136,0.9976610598877557
kodak_06,1024,4,23.3616,37.778858413459076,0.9988435442610369
kodak_07,512,0,5.29771,22.861712725657455,0.922529438565053
kodak_07,512,1,6.00379,25.98441968884773,0.9715859278386964
kodak_07,512,2,5.83487,30.453019551678736,0.9928335543315104
kodak_07,512,3,6.84167,38.73193514109306,0.9983029473180498
kodak_07,1024,0,18.1151,22.80724274961952,0.9030112431291065
kodak_07,1024,1,18.1728,25.861302846976,0.9597427223256589
kodak_07,1024,2,19.3327,29.879022417802652,0.9874244407538423
kodak_07,1024,3,20.0439,35.82555221645154,0.9970089111212518
kodak_07,1024,4,22.1752,37.955507088545524,0.9977450279652084
kodak_08,512,0,6.80171,17.312971169734833,0.8853011144786982
kodak_08,512,1,5.944,19.29368134707261,0.9443103832442811
kodak_08,512,2,6.35804,22.762656160996855,0.9822736865897872
kodak_08,512,3,8.05679,38.37085778726073,0.9991332957935906
kodak_08,1024,0,17.9226,17.051964438602138,0.8510948157568397
kodak_08,1024,1,18.1804,18.861282001038578,0.9173987870614433
kodak_08,1024,2,19.0842,21.752484819339017,0.9655325976728552
kodak_08,1024,3,20.9929,28.229123897681056,0.9945093543422178
kodak_08,1024,4,24.9884,37.25919134334404,0.998808687673277
kodak_09,512,0,5.91992,23.718678981997034,0.9358939667595257
kodak_09,512,1,5.85217,26.05977245550923,0.9701219687021873
kodak_09,512,2,6.07246,30.05141464279975,0.9913746758954541
kodak_09,512,3,7.13917,39.17188144456108,0.9983652582786339
kodak_09,1024,0,18.3411,23.594046309185256,0.9174542938373902
kodak_09,1024,1,18.5928,25.855397703657758,0.9571996714816987
kodak_09,1024,2,18.9353,29.33622453251325,0.9842321404779775
kodak_09,1024,3,20.1525,35.43977969487111,0.9966595194835057
kodak_09,1024,4,22.8068,38.355679346886845,0.9978062895903702
kodak_10,512,0,5.50146,24.112285113358766,0.9461179973962459
kodak_10,512,1,5.56679,25.96256580061148,0.9710956058616256
kodak_10,512,2,5.84079,29.76956731438484,0.9909673707274936
kodak_10,512,3,7.58196,38.87116796824499,0.9982393763293118
kodak_10,1024,0,17.9816,24.025091140387325,0.9302336907501757
kodak_10,1024,1,18.067,25.797771522786643,0.9585110820410443
kodak_10,1024,2,19.023,29.07506892228188,0.9835353467313561
kodak_10,1024,3,20.1769,35.46083263062402,0.9965970477249136
kodak_10,1024,4,22.629,38.08728694553381,0.9976450851204176
kodak_11,512,0,5.6695,22.994122936426763,0.9453339665198603
kodak_11,512,1,5.37879,24.725102187981797,0.9707054555450989
kodak_11,512,2,6.012,27.881301287803097,0.989167112436954
kodak_11,512,3,7.26562,38.75832300469496,0.9984859942000909
kodak_11,1024,0,18.3535,22.80803457824716,0.9272805874595044
kodak_11,1024,1,20.1669,24.457619453781216,0.9568158115823501
kodak_11,1024,2,19.1752,27.194708098223906,0.9803851408235958
kodak_11,1024,3,21.2653,33.39408946697509,0.9960502574213551
kodak_11,1024,4,24.6447,37.835650036927795,0.9979325900481543
kodak_12,512,0,5.83562,24.547095188027388,0.9663099758308153
kodak_12,512,1,5.29379,26.49281976522944,0.9820911842644403
kodak_12,512,2,5.73617,30.347106740483135,0.9944213557413504
kodak_12,512,3,7.38579,38.87466445257217,0.9987588787490296
kodak_12,1024,0,18.7094,24.492299614335053,0.9564031233917238
kodak_12,1024,1,18.1569,26.26029064823833,0.9734420832849869
kodak_12,1024,2,19.4789,29.709744154208572,0.9898480696785941
kodak_12,1024,3,21.0381,35.77227794923489,0.9977389949774698
kodak_12,1024,4,24.2736,38.08839434797897,0.9983573160534717
kodak_13,512,0,5.90333,19.295459855483085,0.9181985552268421
kodak_13,512,1,5.444,20.621214924330673,0.9510013756360074
kodak_13,512,2,6.04671,23.564853172225956,0.9815095854839513
kodak_13,512,3,8.55529,38.09737773026319,0.9988350174139843
kodak_13,1024,0,18.572,19.08818249607659,0.8880674704914029
kodak_13,1024,1,19.5934,20.31272230307881,0.9263845244675268
kodak_13,1024,2,19.5163,22.910630066681353,0.9664952202298872
kodak_13,1024,3,24.4032,29.312776240699264,0.9942754706466015
kodak_13,1024,4,26.9689,36.927316133298305,0.9983432829984977
kodak_14,512,0,5.04913,22.094442909362996,0.9480159375412044
kodak_14,512,1,6.14667,24.231352910261442,0.975058342396757
kodak_14,512,2,6.34425,27.689942054375827,0.991301346314796
kodak_14,512,3,7.5245,38.51654728246367,0.9987287997957255
kodak_14,1024,0,18.2815,21.972553761258425,0.9313128231769974
kodak_14,1024,1,18.3002,24.025183520843058,0.9631572215734726
kodak_14,1024,2,18.849,27.216190227203768,0.9850055929576594
kodak_14,1024,3,21.1972,33.44694681940089,0.996862127642028
kodak_14,1024,4,26.2188,37.461553219121384,0.9982265241781252
kodak_15,512,0,5.21483,23.219547524357136,0.9857819436363962
kodak_15,512,1,5.40567,25.44366780181918,0.9928225629152401
kodak_15,512,2,5.86658,29.698916242771794,0.9979728357389606
kodak_15,512,3,7.37137,39.17590478415931,0.9996050714781938
kodak_15,1024,0,18.6331,23.01344939683641,0.9812252761828006
kodak_15,1024,1,19.0185,25.012176445649345,0.9892026781807773
kodak_15,1024,2,18.904,28.880627643476796,0.9963420000854907
kodak_15,1024,3,20.4059,35.07657190535147,0.9991686411202898
kodak_15,1024,4,22.4817,38.366419599523205,0.9994671811043829
kodak_16,512,0,5.18054,26.059825792962922,0.9773204564517148
kodak_16,512,1,6.04562,27.319643211728895,0.9857994171891118
kodak_16,512,2,5.68808,29.771420480701497,0.9931493558929387
kodak_16,512,3,6.84037,39.01391157696467,0.9986812133833333
kodak_16,1024,0,18.0281,26.06778773476033,0.9693898726535737
kodak_16,1024,1,17.9007,27.32374876124044,0.979261142952096
kodak_16,1024,2,18.7296,29.72942214081714,0.9889960208270837
kodak_16,1024,3,19.9872,35.524568896892276,0.9973907839395773
kodak_16,1024,4,25.2807,38.146304836404,0.9981903177733632
kodak_17,512,0,5.257,24.39504845756211,0.9688775061202862
kodak_17,512,1,5.45812,26.833836788654807,0.9858646549126455
kodak_17,512,2,5.85767,30.724749169255674,0.9955890261483697
kodak_17,512,3,7.32804,38.89579422518092,0.9989075796322414
kodak_17,1024,0,18.9555,24.201210030392765,0.9594016653845041
kodak_17,1024,1,18.4308,26.4797205772277,0.9792397440486096
kodak_17,1024,2,18.2974,29.85235392991902,0.9921668858172773
kodak_17,1024,3,21.1875,34.8098744790192,0.9976680119941461
kodak_17,1024,4,23.2256,38.11390847178342,0.9985356348938124
kodak_18,512,0,5.80871,22.228993655932126,0.9110249130492243
kodak_18,512,1,6.12729,23.933958586540996,0.9512467853063548
kodak_18,512,2,8.61867,27.283255821451974,0.9827871718407258
kodak_18,512,3,8.29662,38.151611299009296,0.9975593502093891
kodak_18,1024,0,18.5272,21.99535977174232,0.8803627797814687
kodak_18,1024,1,18.2323,23.594124545067405,0.9276802058225014
kodak_18,1024,2,18.8081,26.47256363189365,0.9688794718641186
kodak_18,1024,3,20.835,32.12854592875309,0.9928970121727457
kodak_18,1024,4,25.5388,37.03839715203592,0.9965768877632883
kodak_19,512,0,5.07292,21.736340421469535,0.9382899991058292
kodak_19,512,1,5.83417,23.69593007461532,0.9688801204994463
kodak_19,512,2,5.89925,27.33377507236323,0.9898243400320756
kodak_19,512,3,7.5245,38.64979081306379,0.9988053798549215
kodak_19,1024,0,21.1605,21.515770395330307,0.9189266718982656
kodak_19,1024,1,17.7098,23.356462301383413,0.9539730063154985
kodak_19,1024,2,18.9161,26.49307351884598,0.9810985540435404
kodak_19,1024,3,20.3887,32.5661509662586,0.9963345529180786
kodak_19,1024,4,22.7211,37.700167592053766,0.9983524563601538
kodak_20,512,0,5.41254,23.848815082995895,0.9903522067559816
kodak_20,512,1,5.34471,26.110766267289517,0.9954124095845671
kodak_20,512,2,6.00992,29.67577162262768,0.9984104355658882
kodak_20,512,3,6.89012,40.45086776055549,0.9997677052559739
kodak_20,1024,0,18.311,23.726379120171053,0.987019845943218
kodak_20,1024,1,17.9647,25.955433117253772,0.9932122477763562
kodak_20,1024,2,18.7012,29.110570300742662,0.9971544048065607
kodak_20,1024,3,20.4915,35.151643465418914,0.9993881740110127
kodak_20,1024,4,22.4577,39.51131678955829,0.9996770345024053
kodak_21,512,0,5.18696,22.268663450608308,0.9383850778539058
kodak_21,512,1,5.56371,24.151465173799064,0.9690766868669382
kodak_21,512,2,6.32525,27.54261606309882,0.9894091321587608
kodak_21,512,3,7.60304,38.74062495953766,0.9986811532268705
kodak_21,1024,0,18.4942,22.126302813336935,0.9185381087260549
kodak_21,1024,1,18.8637,23.962309551513883,0.9547512171480463
kodak_21,1024,2,18.5788,26.991917723858677,0.9812641478481423
kodak_21,1024,3,20.185,33.30620478513391,0.9964543297419475
kodak_21,1024,4,23.049,37.85190084548495,0.998231757241196
kodak_22,512,0,5.36208,24.38373042888024,0.9652278866887309
kodak_22,512,1,5.454,25.93085472260516,0.9795893117696307
kodak_22,512,2,6.65658,28.945648934697395,0.9918872123665116
kodak_22,512,3,7.78725,38.23919901550546,0.9985054227998333
kodak_22,1024,0,17.9643,24.11114779104436,0.9522272578348735
kodak_22,1024,1,18.2756,25.58548496600533,0.969646903975406
kodak_22,1024,2,18.869,28.07200273545415,0.9850761127051957
kodak_22,1024,3,20.9114,33.634965899748295,0.9963840503053504
kodak_22,1024,4,23.9165,37.24815384103095,0.9978733270043968
kodak_23,512,0,5.61575,25.661312225061295,0.9822413937076129
kodak_23,512,1,5.50988,27.86266511868937,0.99125865813233
kodak_23,512,2,6.20058,31.46521271770501,0.9969723770505412
kodak_23,512,3,7.03737,38.978426268509594,0.999180394948382
kodak_23,1024,0,19.5452,25.59533973112471,0.9767833397296083
kodak_23,1024,1,18.4633,27.774172469294477,0.987501483381657
kodak_23,1024,2,19.3098,30.944777648102942,0.9947407936861676
kodak_23,1024,3,20.9832,36.7132781959904,0.998656167286442
kodak_23,1024,4,21.8758,38.330455391069684,0.9989130838447594
kodak_24,512,0,6.05312,21.505017853136273,0.9537746710868757
kodak_24,512,1,5.51958,23.093640384151257,0.9747826290842734
kodak_24,512,2,6.11704,26.026243133432523,0.9898360164163026
kodak_24,512,3,7.64037,38.54341904732932,0.9990048160051535
kodak_24,1024,0,19.0557,21.282279845392896,0.9370356914488825
kodak_24,1024,1,18.644,22.780139726706338,0.9617316637061364
kodak_24,1024,2,19.294,25.359430653410293,0.9816786592204034
kodak_24,1024,3,21.8504,31.52040853703571,0.9964171668784026
kodak_24,1024,4,24.6835,37.587030743793,0.9986132494036113
div2k_0801x2,512,0,5.50496,20.379200941408865,0.9445687392308797
div2k_0801x2,512,1,5.65096,22.929656137612177,0.9763619226904555
div2k_0801x2,512,2,6.51579,27.182838852674045,0.9935212363636472
div2k_0801x2,512,3,8.47183,38.214065641088716,0.9991511514530612
div2k_0801x2,1024,0,18.1077,20.112309221418453,0.9270701949147803
div2k_0801x2,1024,1,19.2173,22.464448727383072,0.9646260551561356
div2k_0801x2,1024,2,19.525,25.93489499163765,0.9873890916795438
div2k_0801x2,1024,3,23.5889,31.39742283602842,0.9970862520629734
div2k_0801x2,1024,4,27.1561,37.08138092209996,0.9987766096783276
div2k_0802x2,512,0,5.62737,23.391771576369912,0.964690554511366
div2k_0802x2,512,1,6.15421,27.7349039455343,0.9901187599253126
div2k_0802x2,512,2,6.89825,32.12042527872529,0.9967647652777432
div2k_0802x2,512,3,9.42367,37.767138640264626,0.9985343537163279
div2k_0802x2,1024,0,18.3996,23.2252055634388,0.9568446703751078
div2k_0802x2,1024,1,18.8047,27.343564499634997,0.9856964889314573
div2k_0802x2,1024,2,19.2997,30.825233827328876,0.9941650086285707
div2k_0802x2,1024,3,22.4027,34.5234051395298,0.9972989353282762
div2k_0802x2,1024,4,30.5367,36.714981990819965,0.9979084178457194
div2k_0803x2,512,0,5.66979,23.522497296153624,0.9629906848493577
div2k_0803x2,512,1,5.44108,26.751877062089818,0.9864393031300646
div2k_0803x2,512,2,7.926,31.295937560873867,0.9963079596550559
div2k_0803x2,512,3,7.76521,38.381985281271824,0.9988731995378819
div2k_0803x2,1024,0,18.6241,23.345197224797296,0.952606869847658
div2k_0803x2,1024,1,18.6277,26.439544843439023,0.9805486060028386
div2k_0803x2,1024,2,18.7703,30.26491676562535,0.9935070099154955
div2k_0803x2,1024,3,20.5344,34.783546544491784,0.997794729655927
div2k_0803x2,1024,4,23.477,37.680998748052225,0.9984934084289374
div2k_0804x2,512,0,5.51325,19.039313459992183,0.9359487482605957
div2k_0804x2,512,1,5.96362,22.11130725433403,0.9764135213406336
div2k_0804x2,512,2,6.47533,26.439173491432474,0.9937041969678578
div2k_0804x2,512,3,8.83654,38.02124672959866,0.9992522421365174
div2k_0804x2,1024,0,18.4421,18.746853110246036,0.9183475951958523
div2k_0804x2,1024,1,18.2227,21.55732956710451,0.9645811429027217
div2k_0804x2,1024,2,19.3174,24.971565462851203,0.9872383172554692
div2k_0804x2,1024,3,23.9239,30.26776830144076,0.9970009147508859
div2k_0804x2,1024,4,27.6987,36.93433609213949,0.9989310494826537
div2k_0805x2,512,0,5.71317,22.53241477253652,0.9747947457092486
div2k_0805x2,512,1,5.44337,24.792166121280125,0.9883098244812472
div2k_0805x2,512,2,6.40979,28.345928917495012,0.9959935449241631
div2k_0805x2,512,3,8.41583,38.102072242492596,0.9993041160110618
div2k_0805x2,1024,0,18.1939,22.036736618690135,0.965455497844168
div2k_0805x2,1024,1,18.5407,24.00046742098069,0.9815320389981403
div2k_0805x2,1024,2,19.1931,26.5985694930906,0.9915967565571928
div2k_0805x2,1024,3,21.2873,31.175719441606415,0.9975243494785335
div2k_0805x2,1024,4,26.4693,36.99145355870462,0.9989873507849052
div2k_0806x2,512,0,5.52029,23.097905761920682,0.9765376124998748
div2k_0806x2,512,1,5.76467,25.272132446665324,0.9887325365683816
div2k_0806x2,512,2,6.2115,28.736972520914268,0.9960903750172455
div2k_0806x2,512,3,8.09892,38.948330503337466,0.9993719925189426
div2k_0806x2,1024,0,18.9815,22.49862688346198,0.9674168716889601
div2k_0806x2,1024,1,18.6277,24.326572642741972,0.9818473105937665
div2k_0806x2,1024,2,18.6591,26.774208156957716,0.9915437250366111
div2k_0806x2,1024,3,20.9501,31.092208487644342,0.9973843046424877
div2k_0806x2,1024,4,25.6854,37.95030127179095,0.9991202282029551
div2k_0807x2,512,0,5.67263,19.678146728868768,0.926419578945897
div2k_0807x2,512,1,5.80179,21.399699987010617,0.96181460142514
div2k_0807x2,512,2,7.58246,24.469599265685066,0.985730678352058
div2k_0807x2,512,3,10.1137,37.677813725844366,0.9987692851832977
div2k_0807x2,1024,0,18.902,18.941407592520807,0.896802322816672
div2k_0807x2,1024,1,19.6568,20.330631260148195,0.9375528067930373
div2k_0807x2,1024,2,20.6307,22.452415337217847,0.9688413891544945
div2k_0807x2,1024,3,23.3116,26.939992848399935,0.9916147202488159
div2k_0807x2,1024,4,32.9442,36.43955031477528,0.9982446076291268
div2k_0808x2,512,0,6.14154,22.235606415057948,0.9704368896286855
div2k_0808x2,512,1,7.48167,24.631213828053863,0.9866102242398117
div2k_0808x2,512,2,10.7234,28.428825885751472,0.995745346406628
div2k_0808x2,512,3,8.44071,39.269682172045705,0.9994058082407412
div2k_0808x2,1024,0,19.9642,21.74956397151474,0.9598141202673077
div2k_0808x2,1024,1,19.6979,23.831169791495004,0.9789156807374716
div2k_0808x2,1024,2,19.0272,26.646253757068695,0.9910456517344587
div2k_0808x2,1024,3,21.2276,31.41893554157676,0.9975551598000397
div2k_0808x2,1024,4,25.0624,38.161106896492214,0.9991678853054852
div2k_0809x2,512,0,5.29775,23.150618090965533,0.9616330676113585
div2k_0809x2,512,1,5.25217,25.549555509282197,0.9827374053070489
div2k_0809x2,512,2,6.71296,29.440549793920738,0.9945941001082909
div2k_0809x2,512,3,8.07125,38.11178660610435,0.9988558069732405
div2k_0809x2,1024,0,18.1883,22.80260638157849,0.9489414532344596
div2k_0809x2,1024,1,19.1083,24.951667960800012,0.973700473718219
div2k_0809x2,1024,2,20.0322,27.96276325574302,0.9892806984682893
div2k_0809x2,1024,3,21.8063,32.68677535393009,0.9968529493666338
div2k_0809x2,1024,4,25.7469,37.018214991492904,0.9983511918062613
div2k_0810x2,512,0,5.6215,23.681105298815744,0.9491928753516472
div2k_0810x2,512,1,5.55658,25.497460582985067,0.973841272462914
div2k_0810x2,512,2,6.19496,28.500121680863625,0.9897321113180939
div2k_0810x2,512,3,7.38275,38.50927964604533,0.9982859419196546
div2k_0810x2,1024,0,17.8982,22.811963539678413,0.9269217491417802
div2k_0810x2,1024,1,17.9285,24.241408873555574,0.9562222152556171
div2k_0810x2,1024,2,18.725,26.169411542309227,0.9767732343470008
div2k_0810x2,1024,3,20.7018,30.082071612052342,0.9922086022718261
div2k_0810x2,1024,4,25.7397,37.50158663307133,0.9976411202754247
