codec,image,size,quality,tile,encode_ms,decode_ms,bytes,bpp,psnr,ms_ssim_proxy,lpips,lpips_status,constraint_status
CAPS,kodak_01,512,100,32,21.1046,9.42879,566122,17.27667236328125,99.0,1.0,,unavailable,unverified_lpips
CAPS,kodak_01,512,90,32,15.8588,8.44375,386028,11.7806396484375,42.065161791781556,0.9991503776301834,,unavailable,unverified_lpips
CAPS,kodak_01,512,82,32,12.9954,7.111,255182,7.78753662109375,38.53068437530946,0.9979227767762433,,unavailable,unverified_lpips
CAPS,kodak_01,512,82,64,12.4026,6.84408,241228,7.3616943359375,38.53068437530946,0.9979227767762433,,unavailable,unverified_lpips
CAPS,kodak_01,512,70,32,11.3716,6.25233,207252,6.3248291015625,36.219084770070936,0.995985812126751,,unavailable,unverified_lpips
CAPS,kodak_01,512,50,32,11.2512,6.55258,162139,4.948089599609375,33.14110064497081,0.9911742609716524,,unavailable,unverified_lpips
CAPS,kodak_01,512,35,32,10.3389,6.668,146394,4.46759033203125,31.60071767477436,0.9867869434893831,,unavailable,unverified_lpips
CAPS,kodak_01,512,20,32,10.2745,6.40008,132090,4.03106689453125,29.709219034775977,0.9793347335597015,,unavailable,unverified_lpips
CAPS,kodak_01,1024,100,32,69.007,32.2936,1820075,13.886070251464844,99.0,1.0,,unavailable,unverified_lpips
CAPS,kodak_01,1024,90,32,48.8211,25.5635,1156706,8.824966430664062,40.98571482910753,0.9988457247380904,,unavailable,unverified_lpips
CAPS,kodak_01,1024,82,32,39.429,22.9007,684103,5.219291687011719,37.41210537980122,0.9972030562349208,,unavailable,unverified_lpips
CAPS,kodak_01,1024,82,64,42.1486,23.1696,611036,4.661834716796875,37.41210537980122,0.9972030562349208,,unavailable,unverified_lpips
CAPS,kodak_01,1024,70,32,36.2566,21.9425,540739,4.125511169433594,35.22207927136458,0.9948458051374428,,unavailable,unverified_lpips
CAPS,kodak_01,1024,50,32,33.2219,20.9233,416166,3.1750946044921875,32.225283807314895,0.9893094188942227,,unavailable,unverified_lpips
CAPS,kodak_01,1024,35,32,33.0721,21.2059,374904,2.86029052734375,30.699341990137846,0.98401217848456,,unavailable,unverified_lpips
CAPS,kodak_01,1024,20,32,32.0054,20.6118,339153,2.5875320434570312,28.880867135678198,0.9752757169549259,,unavailable,unverified_lpips
CAPS,kodak_02,512,100,32,19.6431,8.98008,548496,16.73876953125,99.0,1.0,,unavailable,unverified_lpips
CAPS,kodak_02,512,90,32,14.5037,7.97875,360866,11.01275634765625,42.04520177177653,0.997926430944898,,unavailable,unverified_lpips
CAPS,kodak_02,512,82,32,11.7599,6.95508,213484,6.5150146484375,38.578466190010694,0.9949516322494123,,unavailable,unverified_lpips
CAPS,kodak_02,512,82,64,11.7196,6.96617,202625,6.183624267578125,38.578466190010694,0.9949516322494123,,unavailable,unverified_lpips
CAPS,kodak_02,512,70,32,12.7662,6.86762,161991,4.943572998046875,36.57962128120317,0.9910845797813197,,unavailable,unverified_lpips
CAPS,kodak_02,512,50,32,9.40196,6.48742,119092,3.6343994140625,34.396125064977376,0.9843769495859893,,unavailable,unverified_lpips
CAPS,kodak_02,512,35,32,8.78496,6.00887,105103,3.207489013671875,32.22027973960362,0.9737826184784046,,unavailable,unverified_lpips
CAPS,kodak_02,512,20,32,8.57596,5.72654,94062,2.87054443359375,30.673301662969482,0.9636419419698145,,unavailable,unverified_lpips
CAPS,kodak_02,1024,100,32,65.9228,32.223,1710941,13.053443908691406,99.0,1.0,,unavailable,unverified_lpips
CAPS,kodak_02,1024,90,32,46.0697,25.7197,1045176,7.97406005859375,40.959297968311645,0.9970486381983737,,unavailable,unverified_lpips
CAPS,kodak_02,1024,82,32,34.5101,22.2222,545403,4.161094665527344,37.690770077663345,0.9932083150038878,,unavailable,unverified_lpips
CAPS,kodak_02,1024,82,64,34.9984,21.964,477155,3.6404037475585938,37.690770077663345,0.9932083150038878,,unavailable,unverified_lpips
CAPS,kodak_02,1024,70,32,31.7038,21.6943,393379,3.0012435913085938,35.734125355912255,0.9882789869660221,,unavailable,unverified_lpips
CAPS,kodak_02,1024,50,32,30.6396,20.3756,288272,2.1993408203125,33.57420137561704,0.9797792092776945,,unavailable,unverified_lpips
CAPS,kodak_02,1024,35,32,29.0844,18.863,258266,1.9704132080078125,31.52982395435352,0.9672990456760946,,unavailable,unverified_lpips
CAPS,kodak_02,1024,20,32,27.8147,18.7351,234223,1.7869796752929688,30.16345038065644,0.9569646531214921,,unavailable,unverified_lpips
CAPS,kodak_03,512,100,32,18.7494,9.02937,492108,15.0179443359375,99.0,1.0,,unavailable,unverified_lpips
CAPS,kodak_03,512,90,32,13.5996,7.38521,313641,9.571563720703125,42.44370490866864,0.9994733859650925,,unavailable,unverified_lpips
CAPS,kodak_03,512,82,32,10.7153,6.59787,174568,5.327392578125,39.15225990402469,0.9987696571457476,,unavailable,unverified_lpips
CAPS,kodak_03,512,82,64,10.2811,6.609,162392,4.955810546875,39.15225990402469,0.9987696571457476,,unavailable,unverified_lpips
CAPS,kodak_03,512,70,32,9.83033,6.10062,131795,4.022064208984375,37.16258272410927,0.9977152074470729,,unavailable,unverified_lpips
CAPS,kodak_03,512,50,32,9.12679,6.033,100755,3.074798583984375,34.9469697028144,0.9959860412069407,,unavailable,unverified_lpips
CAPS,kodak_03,512,35,32,10.3963,6.66258,91478,2.79168701171875,33.60390774132274,0.9944427133060908,,unavailable,unverified_lpips
CAPS,kodak_03,512,20,32,9.41383,5.64208,83204,2.5391845703125,31.653859976692335,0.9910690554687014,,unavailable,unverified_lpips
CAPS,kodak_03,1024,100,32,63.2178,32.4857,1498779,11.434776306152344,99.0,1.0,,unavailable,unverified_lpips
CAPS,kodak_03,1024,90,32,43.8346,25.4206,875591,6.680229187011719,41.39511928969846,0.9992391126880762,,unavailable,unverified_lpips
CAPS,kodak_03,1024,82,32,33.4908,22.4629,431002,3.2882843017578125,38.43926942070446,0.9983712157997487,,unavailable,unverified_lpips
CAPS,kodak_03,1024,82,64,32.6082,21.1339,361052,2.754608154296875,38.43926942070446,0.9983712157997487,,unavailable,unverified_lpips
CAPS,kodak_03,1024,70,32,30.3089,20.7943,316293,2.4131240844726562,36.418207567226666,0.9970397875599755,,unavailable,unverified_lpips
CAPS,kodak_03,1024,50,32,28.9511,18.7542,244661,1.8666152954101562,34.26262632917829,0.9948396519214702,,unavailable,unverified_lpips
CAPS,kodak_03,1024,35,32,28.391,19.4632,224009,1.7090530395507812,32.98888639356805,0.9930220816310135,,unavailable,unverified_lpips
CAPS,kodak_03,1024,20,32,27.5671,19.7272,207886,1.5860443115234375,31.108866653407606,0.9891465184617249,,unavailable,unverified_lpips
CAPS,kodak_04,512,100,32,21.9437,8.7015,525323,16.031585693359375,99.0,1.0,,unavailable,unverified_lpips
CAPS,kodak_04,512,90,32,14.3535,8.01883,348128,10.6240234375,42.14641929796551,0.9993114095211023,,unavailable,unverified_lpips
CAPS,kodak_04,512,82,32,11.6895,7.17858,206545,6.303253173828125,38.63560493169457,0.9983422693879058,,unavailable,unverified_lpips
CAPS,kodak_04,512,82,64,11.6411,6.76533,199884,6.0999755859375,38.63560493169457,0.9983422693879058,,unavailable,unverified_lpips
CAPS,kodak_04,512,70,32,10.6931,6.85454,159487,4.867156982421875,36.34103750035316,0.9968247951432483,,unavailable,unverified_lpips
CAPS,kodak_04,512,50,32,10.2786,6.245,117607,3.589080810546875,33.736939329743485,0.9937986980868749,,unavailable,unverified_lpips
CAPS,kodak_04,512,35,32,10.2272,6.42492,103876,3.1700439453125,32.4808568976482,0.991611192811911,,unavailable,unverified_lpips
CAPS,kodak_04,512,20,32,10.5687,6.84162,92224,2.814453125,30.66966321445935,0.9870203191302835,,unavailable,unverified_lpips
CAPS,kodak_04,1024,100,32,67.9546,32.6737,1638408,12.50006103515625,99.0,1.0,,unavailable,unverified_lpips
CAPS,kodak_04,1024,90,32,46.3231,26.345,1021464,7.79315185546875,41.016087892268665,0.9990019062371764,,unavailable,unverified_lpips
CAPS,kodak_04,1024,82,32,34.4222,21.8526,516648,3.94171142578125,37.649086461660474,0.9976312367802137,,unavailable,unverified_lpips
CAPS,kodak_04,1024,82,64,35.717,21.9301,455355,3.4740829467773438,37.649086461660474,0.9976312367802137,,unavailable,unverified_lpips
CAPS,kodak_04,1024,70,32,32.9499,20.866,374474,2.8570098876953125,35.49868152805631,0.9957055414711187,,unavailable,unverified_lpips
CAPS,kodak_04,1024,50,32,29.3509,19.611,275432,2.10137939453125,32.977089971987105,0.9918511225239202,,unavailable,unverified_lpips
CAPS,kodak_04,1024,35,32,34.9234,19.4433,246197,1.8783340454101562,31.806797091857018,0.9891975829366848,,unavailable,unverified_lpips
CAPS,kodak_04,1024,20,32,28.9739,19.1969,224946,1.7162017822265625,30.07931537230573,0.983669070083776,,unavailable,unverified_lpips
CAPS,kodak_05,512,100,32,21.7696,9.22992,628290,19.17388916015625,99.0,1.0,,unavailable,unverified_lpips
CAPS,kodak_05,512,90,32,16.2006,8.0885,424358,12.95037841796875,42.063670004157885,0.9994399996626561,,unavailable,unverified_lpips
CAPS,kodak_05,512,82,32,13.3005,7.28554,284743,8.689666748046875,38.21034912240328,0.9985416078647155,,unavailable,unverified_lpips
CAPS,kodak_05,512,82,64,13.0675,7.06442,275318,8.40203857421875,38.21034912240328,0.9985416078647155,,unavailable,unverified_lpips
CAPS,kodak_05,512,70,32,12.5332,7.13779,231213,7.056060791015625,35.88905480593589,0.9973220919649752,,unavailable,unverified_lpips
CAPS,kodak_05,512,50,32,11.1082,6.68833,179849,5.488555908203125,33.1079838458653,0.9947292528601177,,unavailable,unverified_lpips
CAPS,kodak_05,512,35,32,10.5622,6.61504,160329,4.892852783203125,31.710997463319206,0.9926303639222047,,unavailable,unverified_lpips
CAPS,kodak_05,512,20,32,10.058,6.07742,142003,4.333587646484375,30.013645717860374,0.9890826240824981,,unavailable,unverified_lpips
CAPS,kodak_05,1024,100,32,71.0127,33.6747,1946810,14.852981567382812,99.0,1.0,,unavailable,unverified_lpips
CAPS,kodak_05,1024,90,32,52.4014,26.6349,1233782,9.413009643554688,40.853514086331124,0.9992151937003886,,unavailable,unverified_lpips
CAPS,kodak_05,1024,82,32,40.0709,22.6005,720901,5.500038146972656,37.18152890953533,0.9980125648944389,,unavailable,unverified_lpips
CAPS,kodak_05,1024,82,64,39.5531,23.6277,662866,5.0572662353515625,37.18152890953533,0.9980125648944389,,unavailable,unverified_lpips
CAPS,kodak_05,1024,70,32,36.182,22.373,559066,4.2653350830078125,34.90363302179936,0.9964046823055475,,unavailable,unverified_lpips
CAPS,kodak_05,1024,50,32,33.779,21.3912,425291,3.2447128295898438,32.19138151138757,0.9930698733780311,,unavailable,unverified_lpips
CAPS,kodak_05,1024,35,32,32.5747,21.3216,380419,2.9023666381835938,30.811127281686346,0.9903802769069692,,unavailable,unverified_lpips
CAPS,kodak_05,1024,20,32,32.3003,20.5915,343364,2.619659423828125,29.148446625150115,0.9858432690623429,,unavailable,unverified_lpips
CAPS,kodak_06,512,100,32,19.9842,9.61671,539604,16.4674072265625,99.0,1.0,,unavailable,unverified_lpips
CAPS,kodak_06,512,90,32,14.8817,7.78296,359347,10.966400146484375,42.26118316848666,0.999657532676452,,unavailable,unverified_lpips
CAPS,kodak_06,512,82,32,12.0583,6.63408,221721,6.766387939453125,38.75761606968927,0.999168903183986,,unavailable,unverified_lpips
CAPS,kodak_06,512,82,64,11.9539,6.96325,211998,6.46966552734375,38.75761606968927,0.999168903183986,,unavailable,unverified_lpips
CAPS,kodak_06,512,70,32,10.8481,6.52671,177489,5.416534423828125,36.43416275154727,0.9984443499857757,,unavailable,unverified_lpips
CAPS,kodak_06,512,50,32,10.3978,6.60542,138224,4.21826171875,34.016342708731415,0.9971185069579552,,unavailable,unverified_lpips
CAPS,kodak_06,512,35,32,9.72621,6.51858,124528,3.80029296875,32.65618845944001,0.9960597381419656,,unavailable,unverified_lpips
CAPS,kodak_06,512,20,32,9.96138,6.37742,112006,3.41815185546875,30.40296836639135,0.9936250792481618,,unavailable,unverified_lpips
CAPS,kodak_06,1024,100,32,68.21,32.0203,1720691,13.127830505371094,99.0,1.0,,unavailable,unverified_lpips
CAPS,kodak_06,1024,90,32,49.682,26.092,1068418,8.151382446289062,41.121477678516044,0.9995002790686675,,unavailable,unverified_lpips
CAPS,kodak_06,1024,82,32,36.9647,21.8844,583726,4.4534759521484375,37.778858413459076,0.9988435442610369,,unavailable,unverified_lpips
CAPS,kodak_06,1024,82,64,37.1152,21.986,520475,3.9709091186523438,37.778858413459076,0.9988435442610369,,unavailable,unverified_lpips
CAPS,kodak_06,1024,70,32,35.424,21.5137,450748,3.438934326171875,35.51974513773289,0.9978960752346729,,unavailable,unverified_lpips
CAPS,kodak_06,1024,50,32,32.708,20.5457,345319,2.6345748901367188,32.99996273723941,0.9960041526299993,,unavailable,unverified_lpips
CAPS,kodak_06,1024,35,32,31.9125,20.5698,310613,2.3697891235351562,31.76841708972991,0.9947175056543208,,unavailable,unverified_lpips
CAPS,kodak_06,1024,20,32,30.0622,19.8185,282619,2.1562118530273438,29.6802980176644,0.9917906419624931,,unavailable,unverified_lpips
CAPS,kodak_07,512,100,32,19.0976,9.27183,505298,15.42047119140625,99.0,1.0,,unavailable,unverified_lpips
CAPS,kodak_07,512,90,32,13.7808,7.6195,327834,10.00469970703125,42.16326906317789,0.9992901632029515,,unavailable,unverified_lpips
CAPS,kodak_07,512,82,32,11.0137,6.64912,184906,5.64288330078125,38.73193514109306,0.9983029473180498,,unavailable,unverified_lpips
CAPS,kodak_07,512,82,64,11.0178,6.92642,174879,5.336883544921875,38.73193514109306,0.9983029473180498,,unavailable,unverified_lpips
CAPS,kodak_07,512,70,32,10.1589,6.14267,143709,4.385650634765625,36.434632448574234,0.9967881019822742,,unavailable,unverified_lpips
CAPS,kodak_07,512,50,32,9.02717,6.09262,107617,3.284210205078125,33.51611471017546,0.9928852456831053,,unavailable,unverified_lpips
CAPS,kodak_07,512,35,32,8.87104,5.80804,97038,2.96136474609375,32.22412382266904,0.9899190722036788,,unavailable,unverified_lpips
CAPS,kodak_07,512,20,32,8.58788,5.77404,87361,2.666046142578125,30.70186182999443,0.986433444855936,,unavailable,unverified_lpips
CAPS,kodak_07,1024,100,32,63.3129,32.3352,1552856,11.84735107421875,99.0,1.0,,unavailable,unverified_lpips
CAPS,kodak_07,1024,90,32,43.8349,25.7991,924939,7.056724548339844,41.068520674111284,0.9989912122070015,,unavailable,unverified_lpips
CAPS,kodak_07,1024,82,32,33.6625,21.4558,452507,3.4523544311523438,37.955507088545524,0.9977450279652084,,unavailable,unverified_lpips
CAPS,kodak_07,1024,82,64,34.122,21.4772,381304,2.90911865234375,37.955507088545524,0.9977450279652084,,unavailable,unverified_lpips
CAPS,kodak_07,1024,70,32,31.0382,20.909,332730,2.5385284423828125,35.67877288170962,0.9958579499137268,,unavailable,unverified_lpips
CAPS,kodak_07,1024,50,32,29.9078,20.6424,251414,1.9181365966796875,32.84225458009726,0.9913387838682731,,unavailable,unverified_lpips
CAPS,kodak_07,1024,35,32,28.81,19.3584,230862,1.7613372802734375,31.625438402322942,0.9877823293064696,,unavailable,unverified_lpips
CAPS,kodak_07,1024,20,32,28.2128,19.0083,214342,1.6352996826171875,30.167901633728643,0.9833223173337162,,unavailable,unverified_lpips
CAPS,kodak_08,512,100,32,21.7075,9.40629,629503,19.210906982421875,99.0,1.0,,unavailable,unverified_lpips
CAPS,kodak_08,512,90,32,17.6921,8.24133,428306,13.07086181640625,42.14630653562429,0.9996615066193467,,unavailable,unverified_lpips
CAPS,kodak_08,512,82,32,13.574,7.27204,292266,8.91925048828125,38.37085778726073,0.9991332957935906,,unavailable,unverified_lpips
CAPS,kodak_08,512,82,64,13.6802,7.46637,283031,8.637420654296875,38.37085778726073,0.9991332957935906,,unavailable,unverified_lpips
CAPS,kodak_08,512,70,32,12.4122,6.95229,231776,7.0732421875,35.88954951934505,0.9983433389274409,,unavailable,unverified_lpips
CAPS,kodak_08,512,50,32,11.1045,6.49358,176465,5.385284423828125,33.17671431737102,0.9967740536166346,,unavailable,unverified_lpips
CAPS,kodak_08,512,35,32,10.7062,6.33583,155432,4.743408203125,31.714216896139163,0.9954614051403701,,unavailable,unverified_lpips
CAPS,kodak_08,512,20,32,11.5692,6.882,137402,4.19317626953125,29.925812999588764,0.9929444689710314,,unavailable,unverified_lpips
CAPS,kodak_08,1024,100,32,75.7961,32.8691,1995557,15.224891662597656,99.0,1.0,,unavailable,unverified_lpips
CAPS,kodak_08,1024,90,32,51.1562,27.4287,1278498,9.754165649414062,40.97531190972311,0.9995291438708008,,unavailable,unverified_lpips
CAPS,kodak_08,1024,82,32,42.418,24.0642,768295,5.861625671386719,37.25919134334404,0.998808687673277,,unavailable,unverified_lpips
CAPS,kodak_08,1024,82,64,41.1666,23.9329,715033,5.455268859863281,37.25919134334404,0.998808687673277,,unavailable,unverified_lpips
CAPS,kodak_08,1024,70,32,37.6165,21.845,595655,4.544486999511719,34.8602264137085,0.9977770241116432,,unavailable,unverified_lpips
CAPS,kodak_08,1024,50,32,33.5388,21.8476,445473,3.3986892700195312,32.17518370711586,0.995741045947709,,unavailable,unverified_lpips
CAPS,kodak_08,1024,35,32,32.806,21.123,399231,3.0458908081054688,30.778065283401368,0.9940988633483717,,unavailable,unverified_lpips
CAPS,kodak_08,1024,20,32,32.1185,20.3259,357854,2.7302093505859375,29.09407624914339,0.9911624704546436,,unavailable,unverified_lpips
CAPS,kodak_09,512,100,32,18.694,9.04479,503533,15.366607666015625,99.0,1.0,,unavailable,unverified_lpips
CAPS,kodak_09,512,90,32,14.1654,7.57525,326355,9.959564208984375,42.28905613726632,0.9992384401392679,,unavailable,unverified_lpips
CAPS,kodak_09,512,82,32,11.173,6.76546,181958,5.55291748046875,39.17188144456108,0.9983652582786339,,unavailable,unverified_lpips
CAPS,kodak_09,512,82,64,10.8692,6.51871,174007,5.310272216796875,39.17188144456108,0.9983652582786339,,unavailable,unverified_lpips
CAPS,kodak_09,512,70,32,9.882,6.18821,134357,4.100250244140625,36.73880797500887,0.9968717052345413,,unavailable,unverified_lpips
CAPS,kodak_09,512,50,32,9.10654,7.88104,96694,2.95086669921875,33.908872362140755,0.9926458000208022,,unavailable,unverified_lpips
CAPS,kodak_09,512,35,32,8.71363,6.08621,85368,2.605224609375,32.64000398130267,0.9895937792300772,,unavailable,unverified_lpips
CAPS,kodak_09,512,20,32,8.60096,5.89933,76860,2.3455810546875,31.224753581897854,0.9877725351400407,,unavailable,unverified_lpips
CAPS,kodak_09,1024,100,32,65.0084,32.1042,1586538,12.104324340820312,99.0,1.0,,unavailable,unverified_lpips
CAPS,kodak_09,1024,90,32,44.4331,25.4053,983973,7.507118225097656,41.16814126745885,0.9988915556893898,,unavailable,unverified_lpips
CAPS,kodak_09,1024,82,32,34.1021,21.8124,476493,3.6353530883789062,38.355679346886845,0.9978062895903702,,unavailable,unverified_lpips
CAPS,kodak_09,1024,82,64,33.6819,27.4646,410432,3.13134765625,38.355679346886845,0.9978062895903702,,unavailable,unverified_lpips
CAPS,kodak_09,1024,70,32,31.3012,20.6481,340636,2.598846435546875,36.07852561347467,0.9960857717822741,,unavailable,unverified_lpips
CAPS,kodak_09,1024,50,32,29.3265,19.6777,252719,1.9280929565429688,33.27204245284459,0.9914328663692441,,unavailable,unverified_lpips
CAPS,kodak_09,1024,35,32,28.7246,20.058,229833,1.7534866333007812,32.06022404910331,0.9876349308527329,,unavailable,unverified_lpips
CAPS,kodak_09,1024,20,32,28.105,18.6122,211244,1.611663818359375,30.642094297221753,0.985033660796939,,unavailable,unverified_lpips
CAPS,kodak_10,512,100,32,18.9763,8.80417,525523,16.037689208984375,99.0,1.0,,unavailable,unverified_lpips
CAPS,kodak_10,512,90,32,13.9902,7.81829,343196,10.4735107421875,42.225792279748546,0.9992484004524109,,unavailable,unverified_lpips
CAPS,kodak_10,512,82,32,11.4596,7.02987,196702,6.00286865234375,38.87116796824499,0.9982393763293118,,unavailable,unverified_lpips
CAPS,kodak_10,512,82,64,11.4603,6.882,190493,5.813385009765625,38.87116796824499,0.9982393763293118,,unavailable,unverified_lpips
CAPS,kodak_10,512,70,32,10.2431,6.45604,146488,4.470458984375,36.67216965330294,0.9967586864110809,,unavailable,unverified_lpips
CAPS,kodak_10,512,50,32,8.88288,5.97171,105957,3.233551025390625,33.6906497737193,0.9931438892502406,,unavailable,unverified_lpips
CAPS,kodak_10,512,35,32,8.83737,5.61979,94080,2.87109375,32.35252771907915,0.9891804157258101,,unavailable,unverified_lpips
CAPS,kodak_10,512,20,32,8.52554,5.69383,84704,2.5849609375,30.55315162269093,0.9833546535336596,,unavailable,unverified_lpips
CAPS,kodak_10,1024,100,32,66.8442,32.2572,1632436,12.454498291015625,99.0,1.0,,unavailable,unverified_lpips
CAPS,kodak_10,1024,90,32,44.8417,25.6412,1015657,7.748847961425781,41.1507103528691,0.998927120118618,,unavailable,unverified_lpips
CAPS,kodak_10,1024,82,32,34.1003,21.1732,494440,3.77227783203125,38.08728694553381,0.9976450851204176,,unavailable,unverified_lpips
CAPS,kodak_10,1024,82,64,33.491,21.4519,434190,3.3126068115234375,38.08728694553381,0.9976450851204176,,unavailable,unverified_lpips
CAPS,kodak_10,1024,70,32,31.5363,20.6517,355666,2.7135162353515625,35.97266735352035,0.9958699780446281,,unavailable,unverified_lpips
CAPS,kodak_10,1024,50,32,29.0182,19.5716,261964,1.998626708984375,32.971018805794415,0.9915417896098219,,unavailable,unverified_lpips
CAPS,kodak_10,1024,35,32,27.7418,18.9458,238144,1.81689453125,31.759335978022193,0.9873058351551663,,unavailable,unverified_lpips
CAPS,kodak_10,1024,20,32,27.8884,18.4652,218808,1.66937255859375,30.0434205079871,0.9805963779020811,,unavailable,unverified_lpips
CAPS,kodak_11,512,100,32,19.3869,8.89329,541059,16.511810302734375,99.0,1.0,,unavailable,unverified_lpips
CAPS,kodak_11,512,90,32,14.7489,7.53608,362484,11.0621337890625,42.24139790500611,0.9993488322713459,,unavailable,unverified_lpips
CAPS,kodak_11,512,82,32,11.8928,6.87508,223362,6.81646728515625,38.75832300469496,0.9984859942000909,,unavailable,unverified_lpips
CAPS,kodak_11,512,82,64,12.0093,7.26908,214711,6.552459716796875,38.75832300469496,0.9984859942000909,,unavailable,unverified_lpips
CAPS,kodak_11,512,70,32,10.704,6.52358,176665,5.391387939453125,36.55944592717268,0.9972600681062991,,unavailable,unverified_lpips
CAPS,kodak_11,512,50,32,9.79917,6.11362,133357,4.069732666015625,33.87587860085982,0.9947286243986347,,unavailable,unverified_lpips
CAPS,kodak_11,512,35,32,9.43075,6.28808,119635,3.650970458984375,32.6862663404575,0.992896943154778,,unavailable,unverified_lpips
CAPS,kodak_11,512,20,32,9.13342,5.99267,107629,3.284576416015625,31.099852396509604,0.9899079276099102,,unavailable,unverified_lpips
CAPS,kodak_11,1024,100,32,68.8136,30.9443,1696010,12.939529418945312,99.0,1.0,,unavailable,unverified_lpips
CAPS,kodak_11,1024,90,32,45.3029,25.0834,1056290,8.058853149414062,41.13127774498197,0.9990915276902647,,unavailable,unverified_lpips
CAPS,kodak_11,1024,82,32,36.3176,22.2876,572634,4.3688507080078125,37.835650036927795,0.9979325900481543,,unavailable,unverified_lpips
CAPS,kodak_11,1024,82,64,35.872,21.866,512096,3.906982421875,37.835650036927795,0.9979325900481543,,unavailable,unverified_lpips
CAPS,kodak_11,1024,70,32,33.2244,20.963,432901,3.3027725219726562,35.64392536532527,0.9963052508978398,,unavailable,unverified_lpips
CAPS,kodak_11,1024,50,32,30.4909,19.7887,327879,2.5015182495117188,33.01686542266702,0.993018138665734,,unavailable,unverified_lpips
CAPS,kodak_11,1024,35,32,29.8587,19.3998,293742,2.2410736083984375,31.87816791253958,0.9906617849870264,,unavailable,unverified_lpips
CAPS,kodak_11,1024,20,32,29.8665,19.5688,265969,2.0291824340820312,30.296400886451792,0.9867705315010863,,unavailable,unverified_lpips
CAPS,kodak_12,512,100,32,18.7056,8.99817,499202,15.23443603515625,99.0,1.0,,unavailable,unverified_lpips
CAPS,kodak_12,512,90,32,13.7097,7.66204,326134,9.95281982421875,42.32506278109866,0.9994905793591811,,unavailable,unverified_lpips
CAPS,kodak_12,512,82,32,10.844,6.78354,182985,5.584259033203125,38.87466445257217,0.9987588787490296,,unavailable,unverified_lpips
CAPS,kodak_12,512,82,64,11.2292,6.58492,174345,5.320587158203125,38.87466445257217,0.9987588787490296,,unavailable,unverified_lpips
CAPS,kodak_12,512,70,32,9.86133,6.00271,137198,4.18695068359375,36.65725654129568,0.9976920828261707,,unavailable,unverified_lpips
CAPS,kodak_12,512,50,32,9.09658,5.72692,102771,3.136322021484375,34.51439210227355,0.995779516196413,,unavailable,unverified_lpips
CAPS,kodak_12,512,35,32,8.78721,5.54758,92272,2.81591796875,32.99898135707504,0.9941256358404227,,unavailable,unverified_lpips
CAPS,kodak_12,512,20,32,8.34429,5.65879,83424,2.5458984375,31.031613350247035,0.990403062847321,,unavailable,unverified_lpips
CAPS,kodak_12,1024,100,32,63.0885,31.9827,1555684,11.868927001953125,99.0,1.0,,unavailable,unverified_lpips
CAPS,kodak_12,1024,90,32,46.491,26.349,930215,7.096977233886719,41.218799882516194,0.9992570771573203,,unavailable,unverified_lpips
CAPS,kodak_12,1024,82,32,33.7755,21.311,461361,3.5199050903320312,38.08839434797897,0.9983573160534717,,unavailable,unverified_lpips
CAPS,kodak_12,1024,82,64,33.2641,20.7576,391967,2.9904708862304688,38.08839434797897,0.9983573160534717,,unavailable,unverified_lpips
CAPS,kodak_12,1024,70,32,30.1346,19.832,338542,2.5828704833984375,35.91063811479068,0.9970238619677722,,unavailable,unverified_lpips
CAPS,kodak_12,1024,50,32,28.2846,18.8235,254623,1.9426193237304688,33.70932141457231,0.9945321390078133,,unavailable,unverified_lpips
CAPS,kodak_12,1024,35,32,28.3977,19.2553,231516,1.766326904296875,32.338924444941924,0.9926612229523105,,unavailable,unverified_lpips
CAPS,kodak_12,1024,20,32,33.2098,18.9057,212764,1.623260498046875,30.47837624278053,0.9884160172745665,,unavailable,unverified_lpips
CAPS,kodak_13,512,100,32,21.9012,8.75338,645859,19.710052490234375,99.0,1.0,,unavailable,unverified_lpips
CAPS,kodak_13,512,90,32,16.795,8.23325,438818,13.39166259765625,41.99574916576418,0.9995592376545936,,unavailable,unverified_lpips
CAPS,kodak_13,512,82,32,13.9423,7.10971,309728,9.4521484375,38.09737773026319,0.9988350174139843,,unavailable,unverified_lpips
CAPS,kodak_13,512,82,64,13.6686,7.19117,303416,9.259521484375,38.09737773026319,0.9988350174139843,,unavailable,unverified_lpips
CAPS,kodak_13,512,70,32,12.488,7.14254,253603,7.739349365234375,35.80820093946746,0.9978771321704968,,unavailable,unverified_lpips
CAPS,kodak_13,512,50,32,11.6422,6.56533,199245,6.080474853515625,32.983175165216004,0.9957609097775958,,unavailable,unverified_lpips
CAPS,kodak_13,512,35,32,11.0203,6.36587,178774,5.45574951171875,31.484221939217505,0.9938718532956932,,unavailable,unverified_lpips
CAPS,kodak_13,512,20,32,10.7719,6.17646,158629,4.840972900390625,29.727612090300802,0.9906004780514064,,unavailable,unverified_lpips
CAPS,kodak_13,1024,100,32,73.2861,32.1172,2106859,16.074058532714844,99.0,1.0,,unavailable,unverified_lpips
CAPS,kodak_13,1024,90,32,52.6119,26.6367,1350166,10.300949096679688,40.777389079396755,0.9993595424599759,,unavailable,unverified_lpips
CAPS,kodak_13,1024,82,32,41.9716,23.4685,848604,6.474334716796875,36.927316133298305,0.9983432829984977,,unavailable,unverified_lpips
CAPS,kodak_13,1024,82,64,42.4194,23.5352,794150,6.0588836669921875,36.927316133298305,0.9983432829984977,,unavailable,unverified_lpips
CAPS,kodak_13,1024,70,32,39.1214,22.274,671530,5.1233673095703125,34.64390617692231,0.9969751928876468,,unavailable,unverified_lpips
CAPS,kodak_13,1024,50,32,34.8612,21.5351,514703,3.9268722534179688,31.940561804861773,0.9942317867687176,,unavailable,unverified_lpips
CAPS,kodak_13,1024,35,32,33.439,21.6743,459417,3.5050735473632812,30.50762979081636,0.991861380459124,,unavailable,unverified_lpips
CAPS,kodak_13,1024,20,32,32.4892,20.6447,409997,3.1280288696289062,28.776792186164307,0.9876251149355398,,unavailable,unverified_lpips
CAPS,kodak_14,512,100,32,20.3766,8.85837,591420,18.0487060546875,99.0,1.0,,unavailable,unverified_lpips
CAPS,kodak_14,512,90,32,15.3278,7.87629,396441,12.098419189453125,42.11326553135852,0.9994896775530236,,unavailable,unverified_lpips
CAPS,kodak_14,512,82,32,12.6003,7.42625,257406,7.85540771484375,38.51654728246367,0.9987287997957255,,unavailable,unverified_lpips
CAPS,kodak_14,512,82,64,12.6664,6.90825,250372,7.6407470703125,38.51654728246367,0.9987287997957255,,unavailable,unverified_lpips
CAPS,kodak_14,512,70,32,12.3815,7.26558,209751,6.401092529296875,36.22826267413572,0.9976527815942775,,unavailable,unverified_lpips
CAPS,kodak_14,512,50,32,10.8991,6.71567,162628,4.9630126953125,33.45381258161736,0.995348992387238,,unavailable,unverified_lpips
CAPS,kodak_14,512,35,32,10.226,6.50958,145400,4.437255859375,31.74148196968843,0.9929800328104904,,unavailable,unverified_lpips
CAPS,kodak_14,512,20,32,10.1188,6.48033,130596,3.9854736328125,29.78099824895095,0.9885154294870633,,unavailable,unverified_lpips
CAPS,kodak_14,1024,100,32,69.1483,32.2254,1844854,14.075119018554688,99.0,1.0,,unavailable,unverified_lpips
CAPS,kodak_14,1024,90,32,48.6127,25.8229,1158317,8.837257385253906,40.98379229075347,0.9992814586114359,,unavailable,unverified_lpips
CAPS,kodak_14,1024,82,32,38.4982,22.8915,665022,5.0737152099609375,37.461553219121384,0.9982265241781252,,unavailable,unverified_lpips
CAPS,kodak_14,1024,82,64,38.7088,23.242,614747,4.690147399902344,37.461553219121384,0.9982265241781252,,unavailable,unverified_lpips
CAPS,kodak_14,1024,70,32,35.171,20.9669,509653,3.8883438110351562,35.14202616394664,0.9966784450311527,,unavailable,unverified_lpips
CAPS,kodak_14,1024,50,32,31.7109,20.5544,383834,2.9284210205078125,32.45860289087564,0.9936381257806706,,unavailable,unverified_lpips
CAPS,kodak_14,1024,35,32,31.4804,20.6802,341026,2.6018218994140625,30.841277225634496,0.9906092151512161,,unavailable,unverified_lpips
CAPS,kodak_14,1024,20,32,29.4074,19.6444,303111,2.3125534057617188,28.99147131230404,0.9852707098368977,,unavailable,unverified_lpips
CAPS,kodak_15,512,100,32,19.5965,9.262,529386,16.15557861328125,99.0,1.0,,unavailable,unverified_lpips
CAPS,kodak_15,512,90,32,14.4241,7.5485,345966,10.55804443359375,42.46687217499583,0.9998291221475946,,unavailable,unverified_lpips
CAPS,kodak_15,512,82,32,11.7976,6.7875,202788,6.1885986328125,39.17590478415931,0.9996050714781938,,unavailable,unverified_lpips
CAPS,kodak_15,512,82,64,11.601,6.85333,194623,5.939422607421875,39.17590478415931,0.9996050714781938,,unavailable,unverified_lpips
CAPS,kodak_15,512,70,32,10.5755,6.33625,154174,4.70501708984375,36.74239658303915,0.9992542042751482,,unavailable,unverified_lpips
CAPS,kodak_15,512,50,32,9.12733,6.18067,115692,3.5306396484375,34.008676353133055,0.9985376535927866,,unavailable,unverified_lpips
CAPS,kodak_15,512,35,32,9.15058,6.36875,102545,3.129425048828125,32.539363753844995,0.99792429951988,,unavailable,unverified_lpips
CAPS,kodak_15,512,20,32,8.80729,5.944,91381,2.788726806640625,31.073428393375355,0.9969856081378955,,unavailable,unverified_lpips
CAPS,kodak_15,1024,100,32,64.6847,31.6647,1629434,12.431594848632812,99.0,1.0,,unavailable,unverified_lpips
CAPS,kodak_15,1024,90,32,44.8475,25.6827,981868,7.491058349609375,41.40178296448599,0.9997572161479886,,unavailable,unverified_lpips
CAPS,kodak_15,1024,82,32,33.5031,21.647,515521,3.9331130981445312,38.366419599523205,0.9994671811043829,,unavailable,unverified_lpips
CAPS,kodak_15,1024,82,64,33.9935,21.932,455227,3.4731063842773438,38.366419599523205,0.9994671811043829,,unavailable,unverified_lpips
CAPS,kodak_15,1024,70,32,31.2659,20.6438,381584,2.9112548828125,35.95372083524897,0.9990042182383922,,unavailable,unverified_lpips
CAPS,kodak_15,1024,50,32,29.9711,19.2128,284487,2.1704635620117188,33.334421750672306,0.9981174337278376,,unavailable,unverified_lpips
CAPS,kodak_15,1024,35,32,27.884,18.9036,256413,1.9562759399414062,31.861932553666822,0.9973283916970507,,unavailable,unverified_lpips
CAPS,kodak_15,1024,20,32,27.9183,19.0747,233438,1.7809906005859375,30.41241536294024,0.9961757980957694,,unavailable,unverified_lpips
CAPS,kodak_16,512,100,32,18.9222,9.22825,486309,14.840972900390625,99.0,1.0,,unavailable,unverified_lpips
CAPS,kodak_16,512,90,32,14.0976,7.33333,321721,9.818145751953125,42.29384365048439,0.999427193735683,,unavailable,unverified_lpips
CAPS,kodak_16,512,82,32,12.6282,9.99,184397,5.627349853515625,39.01391157696467,0.9986812133833333,,unavailable,unverified_lpips
CAPS,kodak_16,512,82,64,10.9562,6.85596,172877,5.275787353515625,39.01391157696467,0.9986812133833333,,unavailable,unverified_lpips
CAPS,kodak_16,512,70,32,10.1497,6.36375,142968,4.363037109375,36.24150819106654,0.9972655056923679,,unavailable,unverified_lpips
CAPS,kodak_16,512,50,32,9.63079,6.10112,108198,3.30194091796875,33.85056060661294,0.9943859145857025,,unavailable,unverified_lpips
CAPS,kodak_16,512,35,32,9.01163,6.15071,97192,2.966064453125,32.7667481770399,0.9929395751943062,,unavailable,unverified_lpips
CAPS,kodak_16,512,20,32,8.73908,6.22817,88359,2.696502685546875,31.06980019918895,0.9901351460070638,,unavailable,unverified_lpips
CAPS,kodak_16,1024,100,32,63.4302,31.2812,1545689,11.792671203613281,99.0,1.0,,unavailable,unverified_lpips
CAPS,kodak_16,1024,90,32,43.6715,25.8151,937524,7.152740478515625,41.17653072810937,0.9991652677970183,,unavailable,unverified_lpips
CAPS,kodak_16,1024,82,32,38.2061,21.6243,475735,3.6295700073242188,38.146304836404,0.9981903177733632,,unavailable,unverified_lpips
CAPS,kodak_16,1024,82,64,33.8431,21.4599,402244,3.068878173828125,38.146304836404,0.9981903177733632,,unavailable,unverified_lpips
CAPS,kodak_16,1024,70,32,32.217,20.4339,356368,2.7188720703125,35.44841841132471,0.9964823319840659,,unavailable,unverified_lpips
CAPS,kodak_16,1024,50,32,29.3747,20.3104,270620,2.064666748046875,33.01740632043578,0.9926690311761799,,unavailable,unverified_lpips
CAPS,kodak_16,1024,35,32,29.1414,19.5999,247475,1.8880844116210938,32.05743576136359,0.9908662609449697,,unavailable,unverified_lpips
CAPS,kodak_16,1024,20,32,28.2165,18.7875,227457,1.7353591918945312,30.398781129278625,0.98729018670637,,unavailable,unverified_lpips
CAPS,kodak_17,512,100,32,18.7315,9.25867,511138,15.59869384765625,99.0,1.0,,unavailable,unverified_lpips
CAPS,kodak_17,512,90,32,14.395,7.62758,336842,10.27960205078125,42.16201982647466,0.9995162747913771,,unavailable,unverified_lpips
CAPS,kodak_17,512,82,32,11.0979,6.59196,192435,5.872650146484375,38.89579422518092,0.9989075796322414,,unavailable,unverified_lpips
CAPS,kodak_17,512,82,64,11.2299,6.87908,183269,5.592926025390625,38.89579422518092,0.9989075796322414,,unavailable,unverified_lpips
CAPS,kodak_17,512,70,32,10.3322,6.38304,144974,4.42425537109375,36.93246610146369,0.998111390369417,,unavailable,unverified_lpips
CAPS,kodak_17,512,50,32,9.09488,6.01762,105904,3.23193359375,34.51201743128277,0.9965084513307987,,unavailable,unverified_lpips
CAPS,kodak_17,512,35,32,8.79358,5.91212,95832,2.924560546875,33.16126703590707,0.9951245679427072,,unavailable,unverified_lpips
CAPS,kodak_17,512,20,32,8.51971,5.81833,86692,2.6456298828125,31.580883587228104,0.9928414726712431,,unavailable,unverified_lpips
CAPS,kodak_17,1024,100,32,64.3546,31.7947,1615473,12.325080871582031,99.0,1.0,,unavailable,unverified_lpips
CAPS,kodak_17,1024,90,32,44.2849,25.5185,1007765,7.688636779785156,41.109759489726244,0.9993163130870555,,unavailable,unverified_lpips
CAPS,kodak_17,1024,82,32,34.1635,21.3856,494935,3.7760543823242188,38.11390847178342,0.9985356348938124,,unavailable,unverified_lpips
CAPS,kodak_17,1024,82,64,34.1463,21.269,430282,3.2827911376953125,38.11390847178342,0.9985356348938124,,unavailable,unverified_lpips
CAPS,kodak_17,1024,70,32,31.272,20.9085,364729,2.7826614379882812,36.13293228431458,0.9974772830153819,,unavailable,unverified_lpips
CAPS,kodak_17,1024,50,32,28.8267,20.1025,274474,2.0940704345703125,33.77804034815411,0.9954424663435999,,unavailable,unverified_lpips
CAPS,kodak_17,1024,35,32,28.4661,19.1141,248594,1.8966217041015625,32.45508763594709,0.9937016376772345,,unavailable,unverified_lpips
CAPS,kodak_17,1024,20,32,28.0393,19.5311,227962,1.7392120361328125,30.865025614958938,0.99083672605541,,unavailable,unverified_lpips
CAPS,kodak_18,512,100,32,20.7662,8.82821,605885,18.490142822265625,99.0,1.0,,unavailable,unverified_lpips
CAPS,kodak_18,512,90,32,15.9875,8.21092,408932,12.4796142578125,42.00241849891357,0.9990653909307453,,unavailable,unverified_lpips
CAPS,kodak_18,512,82,32,12.8622,7.03558,266271,8.125946044921875,38.151611299009296,0.9975593502093891,,unavailable,unverified_lpips
CAPS,kodak_18,512,82,64,12.9139,7.21679,262344,8.006103515625,38.151611299009296,0.9975593502093891,,unavailable,unverified_lpips
CAPS,kodak_18,512,70,32,11.8295,6.81654,210244,6.4161376953125,35.863282230760674,0.9955387234404914,,unavailable,unverified_lpips
CAPS,kodak_18,512,50,32,10.4209,6.33946,157446,4.80487060546875,33.27198657295491,0.9915415098885241,,unavailable,unverified_lpips
CAPS,kodak_18,512,35,32,10.4312,6.54625,139604,4.2603759765625,31.92711084759447,0.988132840034947,,unavailable,unverified_lpips
CAPS,kodak_18,512,20,32,9.73696,6.07758,122035,3.724212646484375,30.39363590348816,0.9830363779161652,,unavailable,unverified_lpips
CAPS,kodak_18,1024,100,32,70.5245,31.6919,1919926,14.647872924804688,99.0,1.0,,unavailable,unverified_lpips
CAPS,kodak_18,1024,90,32,49.8627,27.1057,1228373,9.371742248535156,40.77980974956957,0.9986706912262271,,unavailable,unverified_lpips
CAPS,kodak_18,1024,82,32,39.1057,23.6719,682601,5.207832336425781,37.03839715203592,0.9965768877632883,,unavailable,unverified_lpips
CAPS,kodak_18,1024,82,64,38.9726,22.8315,630861,4.813087463378906,37.03839715203592,0.9965768877632883,,unavailable,unverified_lpips
CAPS,kodak_18,1024,70,32,37.8476,21.872,512861,3.9128189086914062,34.83779164255152,0.9938478555892574,,unavailable,unverified_lpips
CAPS,kodak_18,1024,50,32,32.4047,20.8807,375382,2.8639373779296875,32.352934367453734,0.9887328142125458,,unavailable,unverified_lpips
CAPS,kodak_18,1024,35,32,30.5436,20.4784,333406,2.5436859130859375,31.113314673872697,0.9846300018308765,,unavailable,unverified_lpips
CAPS,kodak_18,1024,20,32,30.3463,19.605,299127,2.2821578979492188,29.578404457697278,0.9781007981025748,,unavailable,unverified_lpips
CAPS,kodak_19,512,100,32,19.9056,8.93342,527501,16.098052978515625,99.0,1.0,,unavailable,unverified_lpips
CAPS,kodak_19,512,90,32,14.6325,7.74904,348116,10.6236572265625,42.0939969129607,0.9994945050658062,,unavailable,unverified_lpips
CAPS,kodak_19,512,82,32,11.8417,7.07196,210515,6.424407958984375,38.64979081306379,0.9988053798549215,,unavailable,unverified_lpips
CAPS,kodak_19,512,82,64,12.015,7.00962,201272,6.142333984375,38.64979081306379,0.9988053798549215,,unavailable,unverified_lpips
CAPS,kodak_19,512,70,32,10.6241,6.43046,159566,4.86956787109375,36.57225749438557,0.9978299333359822,,unavailable,unverified_lpips
CAPS,kodak_19,512,50,32,9.88417,6.98996,116059,3.541839599609375,33.982909245115074,0.9956745138062326,,unavailable,unverified_lpips
CAPS,kodak_19,512,35,32,9.67408,5.96675,102593,3.130889892578125,32.79603402951195,0.9943013643625848,,unavailable,unverified_lpips
CAPS,kodak_19,512,20,32,9.071,5.9165,92203,2.813812255859375,31.143864397710217,0.9918296669284684,,unavailable,unverified_lpips
CAPS,kodak_19,1024,100,32,67.4277,32.546,1704121,13.001411437988281,99.0,1.0,,unavailable,unverified_lpips
CAPS,kodak_19,1024,90,32,46.6638,26.788,1072557,8.182960510253906,40.93758946759813,0.9992769396831739,,unavailable,unverified_lpips
CAPS,kodak_19,1024,82,32,35.9364,21.9407,552953,4.218696594238281,37.700167592053766,0.9983524563601538,,unavailable,unverified_lpips
CAPS,kodak_19,1024,82,64,35.1562,22.4267,486875,3.7145614624023438,37.700167592053766,0.9983524563601538,,unavailable,unverified_lpips
CAPS,kodak_19,1024,70,32,33.1128,20.9599,412700,3.148651123046875,35.699937814145414,0.997112270982319,,unavailable,unverified_lpips
CAPS,kodak_19,1024,50,32,30.745,20.5933,303381,2.3146133422851562,33.18031889549548,0.9944678801965257,,unavailable,unverified_lpips
CAPS,kodak_19,1024,35,32,29.7637,19.8847,273672,2.08795166015625,32.00407712719822,0.9926568236010754,,unavailable,unverified_lpips
CAPS,kodak_19,1024,20,32,29.2555,22.486,248124,1.893035888671875,30.44582011885105,0.9897363715271826,,unavailable,unverified_lpips
CAPS,kodak_20,512,100,32,18.9285,9.43333,506403,15.454193115234375,99.0,1.0,,unavailable,unverified_lpips
CAPS,kodak_20,512,90,32,15.0856,8.06808,329168,10.04541015625,43.260454723387554,0.9998890173287602,,unavailable,unverified_lpips
CAPS,kodak_20,512,82,32,11.1476,6.59321,192095,5.862274169921875,40.45086776055549,0.9997677052559739,,unavailable,unverified_lpips
CAPS,kodak_20,512,82,64,10.7927,6.73625,183853,5.610748291015625,40.45086776055549,0.9997677052559739,,unavailable,unverified_lpips
CAPS,kodak_20,512,70,32,10.1199,6.08433,138506,4.22686767578125,37.86214125620475,0.9995531504717197,,unavailable,unverified_lpips
CAPS,kodak_20,512,50,32,9.30779,5.93138,100946,3.08062744140625,35.35767863123134,0.999153836244501,,unavailable,unverified_lpips
CAPS,kodak_20,512,35,32,8.97608,5.99962,90104,2.749755859375,34.036093055861755,0.9988089818434891,,unavailable,unverified_lpips
CAPS,kodak_20,512,20,32,8.65946,5.79125,82435,2.515716552734375,32.30943137881203,0.9981550352504264,,unavailable,unverified_lpips
CAPS,kodak_20,1024,100,32,61.8651,30.7498,1568976,11.9703369140625,99.0,1.0,,unavailable,unverified_lpips
CAPS,kodak_20,1024,90,32,44.9696,26.0344,951443,7.258934020996094,42.16847249052968,0.9998383518703609,,unavailable,unverified_lpips
CAPS,kodak_20,1024,82,32,35.7183,22.8592,487672,3.72064208984375,39.51131678955829,0.9996770345024053,,unavailable,unverified_lpips
CAPS,kodak_20,1024,82,64,35.8686,24.9995,423839,3.2336349487304688,39.51131678955829,0.9996770345024053,,unavailable,unverified_lpips
CAPS,kodak_20,1024,70,32,32.2604,20.8268,351159,2.6791305541992188,37.07185645025679,0.9994022444347518,,unavailable,unverified_lpips
CAPS,kodak_20,1024,50,32,29.3676,20.0999,263065,2.0070266723632812,34.61379793106007,0.9988983116719661,,unavailable,unverified_lpips
CAPS,kodak_20,1024,35,32,28.3665,20.3173,239221,1.8251113891601562,33.43217771626571,0.998509663492798,,unavailable,unverified_lpips
CAPS,kodak_20,1024,20,32,33.3818,22.5585,221144,1.68719482421875,31.658647729136472,0.9976613735214874,,unavailable,unverified_lpips
CAPS,kodak_21,512,100,32,19.85,8.70683,541316,16.5196533203125,99.0,1.0,,unavailable,unverified_lpips
CAPS,kodak_21,512,90,32,14.8085,7.77229,355457,10.847686767578125,42.200292597052325,0.9994352084655921,,unavailable,unverified_lpips
CAPS,kodak_21,512,82,32,12.118,6.98796,219431,6.696502685546875,38.74062495953766,0.9986811532268705,,unavailable,unverified_lpips
CAPS,kodak_21,512,82,64,11.9808,6.86396,211667,6.459564208984375,38.74062495953766,0.9986811532268705,,unavailable,unverified_lpips
CAPS,kodak_21,512,70,32,10.6721,6.30788,170576,5.20556640625,36.431682457861314,0.9974197440991905,,unavailable,unverified_lpips
CAPS,kodak_21,512,50,32,9.65242,5.915,126167,3.850311279296875,33.92102725453308,0.9948425367822105,,unavailable,unverified_lpips
CAPS,kodak_21,512,35,32,9.47588,5.77621,111380,3.3990478515625,32.493898723639184,0.992938073108194,,unavailable,unverified_lpips
CAPS,kodak_21,512,20,32,9.35862,5.73142,100263,3.059783935546875,31.027270697048564,0.9906808125657018,,unavailable,unverified_lpips
CAPS,kodak_21,1024,100,32,67.8184,31.9495,1730088,13.19952392578125,99.0,1.0,,unavailable,unverified_lpips
CAPS,kodak_21,1024,90,32,47.1377,26.3555,1066718,8.138412475585938,41.0184596162761,0.999179323234827,,unavailable,unverified_lpips
CAPS,kodak_21,1024,82,32,37.0062,23.077,579144,4.41851806640625,37.85190084548495,0.998231757241196,,unavailable,unverified_lpips
CAPS,kodak_21,1024,82,64,36.9657,22.1787,510402,3.8940582275390625,37.85190084548495,0.998231757241196,,unavailable,unverified_lpips
CAPS,kodak_21,1024,70,32,33.2915,21.116,432158,3.2971038818359375,35.57731884216636,0.9966708094634585,,unavailable,unverified_lpips
CAPS,kodak_21,1024,50,32,31.2467,20.434,323245,2.4661636352539062,33.10752986143012,0.9934531526968376,,unavailable,unverified_lpips
CAPS,kodak_21,1024,35,32,30.3769,19.7557,290125,2.2134780883789062,31.76885660058002,0.9912118755037143,,unavailable,unverified_lpips
CAPS,kodak_21,1024,20,32,30.2715,19.7886,262526,2.0029144287109375,30.280257568477346,0.9881612162977162,,unavailable,unverified_lpips
CAPS,kodak_22,512,100,32,20.4782,9.25162,587685,17.934722900390625,99.0,1.0,,unavailable,unverified_lpips
CAPS,kodak_22,512,90,32,15.5179,7.83708,390558,11.91888427734375,41.99689363592145,0.9994084150943988,,unavailable,unverified_lpips
CAPS,kodak_22,512,82,32,12.5332,6.99142,245166,7.48187255859375,38.23919901550546,0.9985054227998333,,unavailable,unverified_lpips
CAPS,kodak_22,512,82,64,12.4685,7.64183,240681,7.345001220703125,38.23919901550546,0.9985054227998333,,unavailable,unverified_lpips
CAPS,kodak_22,512,70,32,11.182,6.77537,188659,5.757415771484375,35.935067116012036,0.9972333046479742,,unavailable,unverified_lpips
CAPS,kodak_22,512,50,32,10.4042,6.39021,138461,4.225494384765625,33.36152320571718,0.9947719359821825,,unavailable,unverified_lpips
CAPS,kodak_22,512,35,32,9.69892,6.20125,121571,3.710052490234375,31.985868841342548,0.9927090523984432,,unavailable,unverified_lpips
CAPS,kodak_22,512,20,32,9.25217,6.21258,106459,3.248870849609375,30.501391200376396,0.9893183057322691,,unavailable,unverified_lpips
CAPS,kodak_22,1024,100,32,68.772,31.9645,1807816,13.79254150390625,99.0,1.0,,unavailable,unverified_lpips
CAPS,kodak_22,1024,90,32,48.7023,26.3432,1118410,8.532791137695312,40.81458194493331,0.9991292688061746,,unavailable,unverified_lpips
CAPS,kodak_22,1024,82,32,38.6326,26.8615,609126,4.6472625732421875,37.24815384103095,0.9978733270043968,,unavailable,unverified_lpips
CAPS,kodak_22,1024,82,64,37.5792,23.3948,555269,4.236366271972656,37.24815384103095,0.9978733270043968,,unavailable,unverified_lpips
CAPS,kodak_22,1024,70,32,34.3965,21.096,448460,3.421478271484375,35.01341686512431,0.9961628405481358,,unavailable,unverified_lpips
CAPS,kodak_22,1024,50,32,31.2332,20.0938,328687,2.5076828002929688,32.49844276939813,0.9928660810107924,,unavailable,unverified_lpips
CAPS,kodak_22,1024,35,32,30.3072,19.9878,291635,2.2249984741210938,31.208431873886525,0.9902856093521102,,unavailable,unverified_lpips
CAPS,kodak_22,1024,20,32,30.1004,19.6333,262505,2.0027542114257812,29.804776373937493,0.9860939738019111,,unavailable,unverified_lpips
CAPS,kodak_23,512,100,32,18.6356,8.86158,500213,15.265289306640625,99.0,1.0,,unavailable,unverified_lpips
CAPS,kodak_23,512,90,32,13.835,7.78667,315159,9.617889404296875,42.10965839856846,0.9996255282776977,,unavailable,unverified_lpips
CAPS,kodak_23,512,82,32,11.085,6.81521,172462,5.26312255859375,38.978426268509594,0.999180394948382,,unavailable,unverified_lpips
CAPS,kodak_23,512,82,64,10.6979,6.79533,164658,5.02496337890625,38.978426268509594,0.999180394948382,,unavailable,unverified_lpips
CAPS,kodak_23,512,70,32,9.11037,6.17204,125939,3.843353271484375,36.93098660774835,0.998524944436246,,unavailable,unverified_lpips
CAPS,kodak_23,512,50,32,8.3365,6.15167,88398,2.69769287109375,34.65969110120083,0.9971987914969078,,unavailable,unverified_lpips
CAPS,kodak_23,512,35,32,8.13533,5.925,79090,2.41363525390625,33.27253051915169,0.9960397541927872,,unavailable,unverified_lpips
CAPS,kodak_23,512,20,32,8.15663,5.90912,71559,2.183807373046875,31.623259484620302,0.9941453935067137,,unavailable,unverified_lpips
CAPS,kodak_23,1024,100,32,63.2825,31.8658,1527700,11.655426025390625,99.0,1.0,,unavailable,unverified_lpips
CAPS,kodak_23,1024,90,32,44.0499,25.3985,892038,6.8057098388671875,41.1643681541275,0.9994745872738607,,unavailable,unverified_lpips
CAPS,kodak_23,1024,82,32,33.0395,20.6322,423698,3.2325592041015625,38.330455391069684,0.9989130838447594,,unavailable,unverified_lpips
CAPS,kodak_23,1024,82,64,32.286,21.6176,356309,2.7184219360351562,38.330455391069684,0.9989130838447594,,unavailable,unverified_lpips
CAPS,kodak_23,1024,70,32,30.849,19.9642,296747,2.2639999389648438,36.369221854119644,0.9981300185009659,,unavailable,unverified_lpips
CAPS,kodak_23,1024,50,32,28.0295,19.6032,221238,1.6879119873046875,34.098168029961364,0.9964963067198628,,unavailable,unverified_lpips
CAPS,kodak_23,1024,35,32,28.1914,19.098,202231,1.5429000854492188,32.81169397645347,0.9951678716723154,,unavailable,unverified_lpips
CAPS,kodak_23,1024,20,32,27.2955,18.788,188228,1.436065673828125,31.203800278833388,0.99298101835262,,unavailable,unverified_lpips
CAPS,kodak_24,512,100,32,22.2065,11.0962,589083,17.977386474609375,99.0,1.0,,unavailable,unverified_lpips
CAPS,kodak_24,512,90,32,18.0435,9.27337,396428,12.0980224609375,42.23180091461444,0.9996051198603227,,unavailable,unverified_lpips
CAPS,kodak_24,512,82,32,15.7562,7.75971,258858,7.89971923828125,38.54341904732932,0.9990048160051535,,unavailable,unverified_lpips
CAPS,kodak_24,512,82,64,16.18,8.02471,253877,7.747711181640625,38.54341904732932,0.9990048160051535,,unavailable,unverified_lpips
CAPS,kodak_24,512,70,32,12.899,9.218,207180,6.3226318359375,36.22674420293058,0.9981518883461268,,unavailable,unverified_lpips
CAPS,kodak_24,512,50,32,11.3942,6.79129,162339,4.954193115234375,33.64747405462805,0.9964404312903552,,unavailable,unverified_lpips
CAPS,kodak_24,512,35,32,11.0132,6.96988,145462,4.43914794921875,32.265706362634674,0.9950871008748203,,unavailable,unverified_lpips
CAPS,kodak_24,512,20,32,10.0563,7.00333,129764,3.9600830078125,30.50345669377542,0.9925229059617121,,unavailable,unverified_lpips
CAPS,kodak_24,1024,100,32,68.9861,32.371,1827451,13.942344665527344,99.0,1.0,,unavailable,unverified_lpips
CAPS,kodak_24,1024,90,32,50.1221,27.0718,1148870,8.765182495117188,41.124610150105326,0.9994331082410869,,unavailable,unverified_lpips
CAPS,kodak_24,1024,82,32,39.5395,23.629,673392,5.1375732421875,37.587030743793,0.9986132494036113,,unavailable,unverified_lpips
CAPS,kodak_24,1024,82,64,49.8545,102.007,623025,4.753303527832031,37.587030743793,0.9986132494036113,,unavailable,unverified_lpips
CAPS,kodak_24,1024,70,32,36.2325,22.5693,522874,3.9892120361328125,35.23889078611714,0.9974178516141303,,unavailable,unverified_lpips
CAPS,kodak_24,1024,50,32,33.9258,20.7073,401284,3.061553955078125,32.776343402549706,0.9952183646018726,,unavailable,unverified_lpips
CAPS,kodak_24,1024,35,32,31.6261,20.8086,359428,2.742218017578125,31.392172926521496,0.993367331675625,,unavailable,unverified_lpips
CAPS,kodak_24,1024,20,32,30.9449,20.7499,323498,2.4680938720703125,29.72283875765592,0.9902155607520052,,unavailable,unverified_lpips
CAPS,div2k_0801x2,512,100,32,22.7249,8.85229,645006,19.68402099609375,99.0,1.0,,unavailable,unverified_lpips
CAPS,div2k_0801x2,512,90,32,17.7939,8.4155,446115,13.614349365234375,42.04391397142789,0.999666958685568,,unavailable,unverified_lpips
CAPS,div2k_0801x2,512,82,32,14.5833,7.74104,306974,9.36810302734375,38.214065641088716,0.9991511514530612,,unavailable,unverified_lpips
CAPS,div2k_0801x2,512,82,64,14.5535,8.09279,301665,9.206085205078125,38.214065641088716,0.9991511514530612,,unavailable,unverified_lpips
CAPS,div2k_0801x2,512,70,32,12.8973,6.90804,242992,7.41552734375,36.00132815968215,0.9984851435339062,,unavailable,unverified_lpips
CAPS,div2k_0801x2,512,50,32,11.218,6.49958,181166,5.52874755859375,33.47817739078564,0.9972411710429803,,unavailable,unverified_lpips
CAPS,div2k_0801x2,512,35,32,10.4706,6.51846,158217,4.828399658203125,32.13607253728972,0.9962195295666006,,unavailable,unverified_lpips
CAPS,div2k_0801x2,512,20,32,10.1577,6.26179,137049,4.182403564453125,30.450999854882976,0.9944310271636936,,unavailable,unverified_lpips
CAPS,div2k_0801x2,1024,100,32,76.8783,33.0565,2148684,16.393157958984375,99.0,1.0,,unavailable,unverified_lpips
CAPS,div2k_0801x2,1024,90,32,59.0147,29.3078,1410094,10.758163452148438,40.80832768229119,0.9995116672731681,,unavailable,unverified_lpips
CAPS,div2k_0801x2,1024,82,32,45.9016,24.6345,875217,6.677375793457031,37.08138092209996,0.9987766096783276,,unavailable,unverified_lpips
CAPS,div2k_0801x2,1024,82,64,49.696,25.1129,824254,6.2885589599609375,37.08138092209996,0.9987766096783276,,unavailable,unverified_lpips
CAPS,div2k_0801x2,1024,70,32,39.5603,23.5012,656551,5.009086608886719,34.843837106839175,0.9978097239298013,,unavailable,unverified_lpips
CAPS,div2k_0801x2,1024,50,32,35.4494,21.9991,476966,3.6389617919921875,32.374544555559474,0.9960566592856274,,unavailable,unverified_lpips
CAPS,div2k_0801x2,1024,35,32,33.703,22.2886,414911,3.1655197143554688,31.037863282265366,0.9945891602104822,,unavailable,unverified_lpips
CAPS,div2k_0801x2,1024,20,32,32.4969,20.3798,362469,2.7654190063476562,29.36619527470123,0.9920348398708484,,unavailable,unverified_lpips
CAPS,div2k_0802x2,512,100,32,22.6693,9.15083,704552,21.501220703125,99.0,1.0,,unavailable,unverified_lpips
CAPS,div2k_0802x2,512,90,32,18.196,8.98762,486749,14.854400634765625,41.78790316599305,0.9994001472428048,,unavailable,unverified_lpips
CAPS,div2k_0802x2,512,82,32,14.7555,8.40883,317273,9.682403564453125,37.767138640264626,0.9985343537163279,,unavailable,unverified_lpips
CAPS,div2k_0802x2,512,82,64,14.4902,8.52371,306444,9.3519287109375,37.767138640264626,0.9985343537163279,,unavailable,unverified_lpips
CAPS,div2k_0802x2,512,70,32,12.5187,7.49825,243176,7.421142578125,35.400782346831065,0.9973158523072916,,unavailable,unverified_lpips
CAPS,div2k_0802x2,512,50,32,10.8368,6.63971,176483,5.385833740234375,32.771803429536,0.9948844272844233,,unavailable,unverified_lpips
CAPS,div2k_0802x2,512,35,32,10.3215,6.56012,152241,4.646026611328125,31.434641047709,0.9929175932116656,,unavailable,unverified_lpips
CAPS,div2k_0802x2,512,20,32,9.32704,6.11579,129975,3.966522216796875,29.852134371353344,0.9897772608375257,,unavailable,unverified_lpips
CAPS,div2k_0802x2,1024,100,32,75.7123,34.0282,2227367,16.99346160888672,99.0,1.0,,unavailable,unverified_lpips
CAPS,div2k_0802x2,1024,90,32,57.7229,30.7849,1426893,10.886329650878906,40.60492139344875,0.9991670509835463,,unavailable,unverified_lpips
CAPS,div2k_0802x2,1024,82,32,42.1623,25.3064,834780,6.368865966796875,36.714981990819965,0.9979084178457194,,unavailable,unverified_lpips
CAPS,div2k_0802x2,1024,82,64,43.3852,25.5902,781382,5.9614715576171875,36.714981990819965,0.9979084178457194,,unavailable,unverified_lpips
CAPS,div2k_0802x2,1024,70,32,37.1743,23.1489,603833,4.606880187988281,34.45799095021121,0.9962775686261749,,unavailable,unverified_lpips
CAPS,div2k_0802x2,1024,50,32,32.8187,21.3518,416978,3.1812896728515625,31.995050259360454,0.9931479355671654,,unavailable,unverified_lpips
CAPS,div2k_0802x2,1024,35,32,34.0824,20.5857,355673,2.7135696411132812,30.725293426888225,0.990686785656742,,unavailable,unverified_lpips
CAPS,div2k_0802x2,1024,20,32,30.0064,21.0415,302564,2.308380126953125,29.22034620439803,0.9866548038851022,,unavailable,unverified_lpips
CAPS,div2k_0803x2,512,100,32,20.5346,9.22963,598947,18.278411865234375,99.0,1.0,,unavailable,unverified_lpips
CAPS,div2k_0803x2,512,90,32,16.1137,9.25825,388087,11.843475341796875,41.7063401566828,0.9995068438262429,,unavailable,unverified_lpips
CAPS,div2k_0803x2,512,82,32,12.8105,7.49692,220522,6.72979736328125,38.381985281271824,0.9988731995378819,,unavailable,unverified_lpips
CAPS,div2k_0803x2,512,82,64,11.6492,7.13929,211247,6.446746826171875,38.381985281271824,0.9988731995378819,,unavailable,unverified_lpips
CAPS,div2k_0803x2,512,70,32,10.514,6.70262,158826,4.84698486328125,36.372517500719674,0.9979895098907288,,unavailable,unverified_lpips
CAPS,div2k_0803x2,512,50,32,10.1178,6.27087,123370,3.76495361328125,34.016335428325434,0.9962833759158097,,unavailable,unverified_lpips
CAPS,div2k_0803x2,512,35,32,9.21333,6.19333,111529,3.403594970703125,32.67680478999682,0.9948657565517443,,unavailable,unverified_lpips
CAPS,div2k_0803x2,512,20,32,8.55192,5.91254,100299,3.060882568359375,31.06800776411648,0.992439202970745,,unavailable,unverified_lpips
CAPS,div2k_0803x2,1024,100,32,69.1249,33.2113,1815508,13.851226806640625,99.0,1.0,,unavailable,unverified_lpips
CAPS,div2k_0803x2,1024,90,32,49.0069,28.5325,1108219,8.455039978027344,40.670994678678454,0.9992943910485074,,unavailable,unverified_lpips
CAPS,div2k_0803x2,1024,82,32,35.1158,22.601,545636,4.162872314453125,37.680998748052225,0.9984934084289374,,unavailable,unverified_lpips
CAPS,div2k_0803x2,1024,82,64,34.8551,23.2216,484424,3.69586181640625,37.680998748052225,0.9984934084289374,,unavailable,unverified_lpips
CAPS,div2k_0803x2,1024,70,32,33.0077,22.2297,384295,2.9319381713867188,35.677682049796154,0.9973567065752728,,unavailable,unverified_lpips
CAPS,div2k_0803x2,1024,50,32,29.2003,20.4715,294002,2.2430572509765625,33.360976699530895,0.9951785415667842,,unavailable,unverified_lpips
CAPS,div2k_0803x2,1024,35,32,28.5542,19.4252,266673,2.0345535278320312,32.063687760520864,0.993404331932209,,unavailable,unverified_lpips
CAPS,div2k_0803x2,1024,20,32,28.8742,19.6672,242314,1.8487091064453125,30.507648929897634,0.9904578734165923,,unavailable,unverified_lpips
CAPS,div2k_0804x2,512,100,32,23.411,9.66387,701449,21.406524658203125,99.0,1.0,,unavailable,unverified_lpips
CAPS,div2k_0804x2,512,90,32,18.4162,8.92967,490337,14.963897705078125,42.031117931966726,0.9997138690539005,,unavailable,unverified_lpips
CAPS,div2k_0804x2,512,82,32,15.1298,7.73604,336581,10.271636962890625,38.02124672959866,0.9992522421365174,,unavailable,unverified_lpips
CAPS,div2k_0804x2,512,82,64,14.9347,8.11533,332897,10.159210205078125,38.02124672959866,0.9992522421365174,,unavailable,unverified_lpips
CAPS,div2k_0804x2,512,70,32,13.4492,7.31487,263656,8.046142578125,35.60657569697417,0.9985943432074358,,unavailable,unverified_lpips
CAPS,div2k_0804x2,512,50,32,11.642,6.87221,198095,6.045379638671875,32.92004497765943,0.9972869151067818,,unavailable,unverified_lpips
CAPS,div2k_0804x2,512,35,32,11.0518,6.58196,174697,5.331329345703125,31.6386888330564,0.9963494096390586,,unavailable,unverified_lpips
CAPS,div2k_0804x2,512,20,32,10.4683,6.50358,153188,4.6749267578125,29.95314177547888,0.9945908093219095,,unavailable,unverified_lpips
CAPS,div2k_0804x2,1024,100,32,77.0544,33.3657,2257097,17.22028350830078,99.0,1.0,,unavailable,unverified_lpips
CAPS,div2k_0804x2,1024,90,32,62.0306,31.7715,1491756,11.381195068359375,40.78996687521741,0.9995798762916354,,unavailable,unverified_lpips
CAPS,div2k_0804x2,1024,82,32,45.9693,26.5095,926362,7.0675811767578125,36.93433609213949,0.9989310494826537,,unavailable,unverified_lpips
CAPS,div2k_0804x2,1024,82,64,48.9735,26.2825,881557,6.725746154785156,36.93433609213949,0.9989310494826537,,unavailable,unverified_lpips
CAPS,div2k_0804x2,1024,70,32,39.4158,24.5459,700588,5.345062255859375,34.54219967219845,0.9980303234757156,,unavailable,unverified_lpips
CAPS,div2k_0804x2,1024,50,32,37.64,23.337,519806,3.9658050537109375,31.9646851866803,0.9962944474210796,,unavailable,unverified_lpips
CAPS,div2k_0804x2,1024,35,32,34.2609,21.9365,455904,3.478271484375,30.654211041141505,0.9949613673743881,,unavailable,unverified_lpips
CAPS,div2k_0804x2,1024,20,32,32.4884,21.8296,399484,3.047821044921875,28.99921228979629,0.9925901205767934,,unavailable,unverified_lpips
CAPS,div2k_0805x2,512,100,32,21.9786,8.71425,613942,18.73602294921875,99.0,1.0,,unavailable,unverified_lpips
CAPS,div2k_0805x2,512,90,32,17.1525,9.04425,418974,12.78607177734375,41.96685695684329,0.9997285399494222,,unavailable,unverified_lpips
CAPS,div2k_0805x2,512,82,32,13.4982,7.41246,283785,8.660430908203125,38.102072242492596,0.9993041160110618,,unavailable,unverified_lpips
CAPS,div2k_0805x2,512,82,64,13.5127,7.88437,275415,8.404998779296875,38.102072242492596,0.9993041160110618,,unavailable,unverified_lpips
CAPS,div2k_0805x2,512,70,32,11.9707,7.08729,215357,6.572174072265625,35.81501869548716,0.9987088756335475,,unavailable,unverified_lpips
CAPS,div2k_0805x2,512,50,32,10.5429,6.53154,154054,4.70135498046875,33.39548007893707,0.997699057212469,,unavailable,unverified_lpips
CAPS,div2k_0805x2,512,35,32,10.2213,6.11917,133094,4.06170654296875,32.126610178653856,0.9969740829241083,,unavailable,unverified_lpips
CAPS,div2k_0805x2,512,20,32,9.78317,6.04504,115374,3.52093505859375,30.518806539607837,0.9956538951476676,,unavailable,unverified_lpips
CAPS,div2k_0805x2,1024,100,32,75.2455,33.1154,2092109,15.961524963378906,99.0,1.0,,unavailable,unverified_lpips
CAPS,div2k_0805x2,1024,90,32,55.7296,29.151,1362642,10.396133422851562,40.81741861535227,0.9996047194970574,,unavailable,unverified_lpips
CAPS,div2k_0805x2,1024,82,32,42.9863,25.3572,827585,6.313972473144531,36.99145355870462,0.9989873507849052,,unavailable,unverified_lpips
CAPS,div2k_0805x2,1024,82,64,42.8525,24.6007,776681,5.925605773925781,36.99145355870462,0.9989873507849052,,unavailable,unverified_lpips
CAPS,div2k_0805x2,1024,70,32,38.7625,22.5909,613852,4.683319091796875,34.696434262384194,0.9981436944044565,,unavailable,unverified_lpips
CAPS,div2k_0805x2,1024,50,32,34.939,21.6018,440736,3.362548828125,32.3759552663867,0.9967235316501253,,unavailable,unverified_lpips
CAPS,div2k_0805x2,1024,35,32,33.1653,20.9902,382060,2.914886474609375,31.170038782791877,0.9957409438803707,,unavailable,unverified_lpips
CAPS,div2k_0805x2,1024,20,32,32.1678,21.5469,334548,2.552398681640625,29.552540511815153,0.9938640813346858,,unavailable,unverified_lpips
CAPS,div2k_0806x2,512,100,32,21.2112,9.24971,593479,18.111541748046875,99.0,1.0,,unavailable,unverified_lpips
CAPS,div2k_0806x2,512,90,32,16.0516,8.31421,396064,12.0869140625,42.30181967626902,0.9997314218315531,,unavailable,unverified_lpips
CAPS,div2k_0806x2,512,82,32,13.388,7.37462,251034,7.66094970703125,38.948330503337466,0.9993719925189426,,unavailable,unverified_lpips
CAPS,div2k_0806x2,512,82,64,13.2152,7.31279,246223,7.514129638671875,38.948330503337466,0.9993719925189426,,unavailable,unverified_lpips
CAPS,div2k_0806x2,512,70,32,10.987,6.56408,195632,5.97021484375,36.74404111597009,0.9988834672548691,,unavailable,unverified_lpips
CAPS,div2k_0806x2,512,50,32,10.7075,6.61629,148765,4.539947509765625,34.08488211604923,0.9978129908685239,,unavailable,unverified_lpips
CAPS,div2k_0806x2,512,35,32,9.743,6.20508,131145,4.002227783203125,32.66955939848098,0.9969236804339109,,unavailable,unverified_lpips
CAPS,div2k_0806x2,512,20,32,9.516,6.43729,114869,3.505523681640625,30.997953508534664,0.9954709288840321,,unavailable,unverified_lpips
CAPS,div2k_0806x2,1024,100,32,71.2421,32.8603,1975249,15.069953918457031,99.0,1.0,,unavailable,unverified_lpips
CAPS,div2k_0806x2,1024,90,32,52.5522,28.211,1253041,9.559944152832031,41.23668546589614,0.999618642975258,,unavailable,unverified_lpips
CAPS,div2k_0806x2,1024,82,32,41.3246,23.7834,742338,5.6635894775390625,37.95030127179095,0.9991202282029551,,unavailable,unverified_lpips
CAPS,div2k_0806x2,1024,82,64,40.2557,24.8979,701156,5.349395751953125,37.95030127179095,0.9991202282029551,,unavailable,unverified_lpips
CAPS,div2k_0806x2,1024,70,32,37.0579,22.2559,560752,4.2781982421875,35.728036906702336,0.9984368586504558,,unavailable,unverified_lpips
CAPS,div2k_0806x2,1024,50,32,32.887,21.4164,422697,3.2249221801757812,33.17495460718004,0.9970365932682039,,unavailable,unverified_lpips
CAPS,div2k_0806x2,1024,35,32,32.0723,20.6929,373148,2.846893310546875,31.848469385114825,0.9959324324133781,,unavailable,unverified_lpips
CAPS,div2k_0806x2,1024,20,32,31.6559,21.3163,328510,2.5063323974609375,30.18520725587356,0.994074086579115,,unavailable,unverified_lpips
CAPS,div2k_0807x2,512,100,32,25.6526,9.21021,817799,24.957244873046875,99.0,1.0,,unavailable,unverified_lpips
CAPS,div2k_0807x2,512,90,32,21.1977,9.06542,609781,18.609039306640625,41.9443078572901,0.9995645564412962,,unavailable,unverified_lpips
CAPS,div2k_0807x2,512,82,32,18.3519,8.75608,450501,13.748199462890625,37.677813725844366,0.9987692851832977,,unavailable,unverified_lpips
CAPS,div2k_0807x2,512,82,64,18.329,8.53346,449450,13.71612548828125,37.677813725844366,0.9987692851832977,,unavailable,unverified_lpips
CAPS,div2k_0807x2,512,70,32,16.6095,8.64946,366713,11.191192626953125,35.03386036171088,0.997638625733087,,unavailable,unverified_lpips
CAPS,div2k_0807x2,512,50,32,14.3423,7.76854,289510,8.83514404296875,32.151653020286005,0.9952462737517478,,unavailable,unverified_lpips
CAPS,div2k_0807x2,512,35,32,13.6157,7.82062,257692,7.8641357421875,30.699438014739048,0.9933105049676764,,unavailable,unverified_lpips
CAPS,div2k_0807x2,512,20,32,12.2701,7.09146,227001,6.927520751953125,28.982747116436187,0.9900115498850447,,unavailable,unverified_lpips
CAPS,div2k_0807x2,1024,100,32,90.4243,33.7413,2831399,21.60186004638672,99.0,1.0,,unavailable,unverified_lpips
CAPS,div2k_0807x2,1024,90,32,73.0246,31.1003,2011372,15.345550537109375,40.71081901035704,0.9993881160562129,,unavailable,unverified_lpips
CAPS,div2k_0807x2,1024,82,32,58.7543,32.4022,1409682,10.755020141601562,36.43955031477528,0.9982446076291268,,unavailable,unverified_lpips
CAPS,div2k_0807x2,1024,82,64,59.1635,30.8496,1384847,10.565544128417969,36.43955031477528,0.9982446076291268,,unavailable,unverified_lpips
CAPS,div2k_0807x2,1024,70,32,51.3595,27.4919,1116377,8.517280578613281,33.765255388143544,0.9965962504419954,,unavailable,unverified_lpips
CAPS,div2k_0807x2,1024,50,32,44.5234,25.1963,846500,6.458282470703125,30.972921072174508,0.9933430962147117,,unavailable,unverified_lpips
CAPS,div2k_0807x2,1024,35,32,41.5574,24.156,741503,5.657218933105469,29.533149183350872,0.9905735918352013,,unavailable,unverified_lpips
CAPS,div2k_0807x2,1024,20,32,39.3591,23.3464,642811,4.904258728027344,27.865633693695347,0.9861318241510176,,unavailable,unverified_lpips
CAPS,div2k_0808x2,512,100,32,21.0161,8.892,595129,18.161895751953125,99.0,1.0,,unavailable,unverified_lpips
CAPS,div2k_0808x2,512,90,32,16.8639,8.55508,397506,12.13092041015625,42.431670141511944,0.9997421352875304,,unavailable,unverified_lpips
CAPS,div2k_0808x2,512,82,32,13.2322,9.00696,246252,7.5150146484375,39.269682172045705,0.9994058082407412,,unavailable,unverified_lpips
CAPS,div2k_0808x2,512,82,64,13.3039,7.65983,242620,7.4041748046875,39.269682172045705,0.9994058082407412,,unavailable,unverified_lpips
CAPS,div2k_0808x2,512,70,32,11.8847,7.05279,191580,5.8465576171875,36.91640136265796,0.9989507913765563,,unavailable,unverified_lpips
CAPS,div2k_0808x2,512,50,32,10.2293,6.66942,149146,4.55157470703125,34.17176277643583,0.9978956365589206,,unavailable,unverified_lpips
CAPS,div2k_0808x2,512,35,32,9.72846,6.486,132229,4.035308837890625,32.695056310963416,0.9969366158701559,,unavailable,unverified_lpips
CAPS,div2k_0808x2,512,20,32,9.18958,6.54542,115175,3.514862060546875,30.841800770022463,0.9952404975318682,,unavailable,unverified_lpips
CAPS,div2k_0808x2,1024,100,32,72.478,33.1453,1975469,15.071632385253906,99.0,1.0,,unavailable,unverified_lpips
CAPS,div2k_0808x2,1024,90,32,53.7015,29.8798,1257592,9.59466552734375,41.420125118201554,0.9996388852076946,,unavailable,unverified_lpips
CAPS,div2k_0808x2,1024,82,32,41.0876,23.8788,724941,5.530860900878906,38.161106896492214,0.9991678853054852,,unavailable,unverified_lpips
CAPS,div2k_0808x2,1024,82,64,40.6754,24.8373,682289,5.205451965332031,38.161106896492214,0.9991678853054852,,unavailable,unverified_lpips
CAPS,div2k_0808x2,1024,70,32,35.9184,22.5613,545675,4.163169860839844,35.86932751155991,0.9985456969076106,,unavailable,unverified_lpips
CAPS,div2k_0808x2,1024,50,32,34.0628,22.1427,411062,3.1361541748046875,33.23079622407947,0.9971867097289208,,unavailable,unverified_lpips
CAPS,div2k_0808x2,1024,35,32,31.7155,20.7922,364359,2.7798385620117188,31.825577582994814,0.9959767463549647,,unavailable,unverified_lpips
CAPS,div2k_0808x2,1024,20,32,30.8676,20.6919,321679,2.4542160034179688,30.090651460605585,0.9940029455588961,,unavailable,unverified_lpips
CAPS,div2k_0809x2,512,100,32,22.7032,8.68912,617316,18.8389892578125,99.0,1.0,,unavailable,unverified_lpips
CAPS,div2k_0809x2,512,90,32,17.4322,8.47458,415182,12.67034912109375,41.90740104224225,0.9995549529350851,,unavailable,unverified_lpips
CAPS,div2k_0809x2,512,82,32,13.2703,7.32163,278693,8.505035400390625,38.11178660610435,0.9988558069732405,,unavailable,unverified_lpips
CAPS,div2k_0809x2,512,82,64,13.3593,7.66621,272575,8.318328857421875,38.11178660610435,0.9988558069732405,,unavailable,unverified_lpips
CAPS,div2k_0809x2,512,70,32,11.9621,6.98483,214663,6.550994873046875,35.71045095235279,0.9978278174548962,,unavailable,unverified_lpips
CAPS,div2k_0809x2,512,50,32,11.0679,6.278,156639,4.780242919921875,33.00558848588929,0.9957788735073465,,unavailable,unverified_lpips
CAPS,div2k_0809x2,512,35,32,10.038,6.18508,136175,4.155731201171875,31.63529171945628,0.9941349800122015,,unavailable,unverified_lpips
CAPS,div2k_0809x2,512,20,32,9.85683,6.00012,117706,3.59210205078125,29.990969640920703,0.9914222350156582,,unavailable,unverified_lpips
CAPS,div2k_0809x2,1024,100,32,72.5894,33.1382,1979374,15.101425170898438,99.0,1.0,,unavailable,unverified_lpips
CAPS,div2k_0809x2,1024,90,32,53.5131,28.803,1272892,9.711395263671875,40.75970102903256,0.9993553872654883,,unavailable,unverified_lpips
CAPS,div2k_0809x2,1024,82,32,41.2583,24.0633,745153,5.685066223144531,37.018214991492904,0.9983511918062613,,unavailable,unverified_lpips
CAPS,div2k_0809x2,1024,82,64,42.3715,24.5675,686624,5.238525390625,37.018214991492904,0.9983511918062613,,unavailable,unverified_lpips
CAPS,div2k_0809x2,1024,70,32,36.8322,24.2067,551823,4.210075378417969,34.65159150397713,0.9968968521425396,,unavailable,unverified_lpips
CAPS,div2k_0809x2,1024,50,32,33.9877,21.6443,392384,2.99365234375,32.02839933926643,0.994063278555797,,unavailable,unverified_lpips
CAPS,div2k_0809x2,1024,35,32,31.6081,20.7365,341061,2.6020889282226562,30.688246078720884,0.9917956500680932,,unavailable,unverified_lpips
CAPS,div2k_0809x2,1024,20,32,30.2749,21.6634,297989,2.2734756469726562,29.12123562007542,0.988222962728489,,unavailable,unverified_lpips
CAPS,div2k_0810x2,512,100,32,20.356,8.62237,564076,17.2142333984375,99.0,1.0,,unavailable,unverified_lpips
CAPS,div2k_0810x2,512,90,32,15.9026,8.49242,372582,11.37030029296875,42.00257741745737,0.9992814732602375,,unavailable,unverified_lpips
CAPS,div2k_0810x2,512,82,32,12.2856,6.92354,238039,7.264373779296875,38.50927964604533,0.9982859419196546,,unavailable,unverified_lpips
CAPS,div2k_0810x2,512,82,64,12.2953,6.95196,229403,7.000823974609375,38.50927964604533,0.9982859419196546,,unavailable,unverified_lpips
CAPS,div2k_0810x2,512,70,32,11.078,6.69171,180737,5.515655517578125,36.37383575979959,0.996785745164764,,unavailable,unverified_lpips
CAPS,div2k_0810x2,512,50,32,10.0005,6.37125,134950,4.11834716796875,33.91447271165497,0.9938312959824549,,unavailable,unverified_lpips
CAPS,div2k_0810x2,512,35,32,9.53292,6.02367,119534,3.64788818359375,32.60486407240485,0.991639405877142,,unavailable,unverified_lpips
CAPS,div2k_0810x2,512,20,32,9.35021,6.20487,106513,3.250518798828125,30.856312125852018,0.9874998367769208,,unavailable,unverified_lpips
CAPS,div2k_0810x2,1024,100,32,71.785,33.2978,1904801,14.532478332519531,99.0,1.0,,unavailable,unverified_lpips
CAPS,div2k_0810x2,1024,90,32,52.1154,27.8829,1222682,9.328323364257812,40.93002059334124,0.9989955965008815,,unavailable,unverified_lpips
CAPS,div2k_0810x2,1024,82,32,40.3184,29.3299,718159,5.479118347167969,37.50158663307133,0.9976411202754247,,unavailable,unverified_lpips
CAPS,div2k_0810x2,1024,82,64,39.6366,23.7684,668089,5.097114562988281,37.50158663307133,0.9976411202754247,,unavailable,unverified_lpips
CAPS,div2k_0810x2,1024,70,32,36.1882,23.7774,539591,4.116752624511719,35.4222743713309,0.9957709221579645,,unavailable,unverified_lpips
CAPS,div2k_0810x2,1024,50,32,32.802,22.1155,402197,3.0685195922851562,33.005025901062695,0.992036287609547,,unavailable,unverified_lpips
CAPS,div2k_0810x2,1024,35,32,32.8544,21.7303,361821,2.7604751586914062,31.709960742104222,0.9891901376930881,,unavailable,unverified_lpips
CAPS,div2k_0810x2,1024,20,32,31.7678,21.5292,327036,2.495086669921875,29.95346194752991,0.98392495253783,,unavailable,unverified_lpips
