band,bits_blk,bits_rem,bits_sig,bits_sign,bits_unary,channel,ctx_entropy_bits,file,k0,layer,mode,model_bits,payload_bytes,zero_entropy_bits
0,,1984,2752,2294,5083,0,10918.585781387854,01_q30.brbr,4,0,3,11390.822811117316,1429,11038.761168688536
0,,64,2752,792,984,1,3813.5530480529696,01_q30.brbr,1,0,3,4068.7508636292696,514,3883.861949089778
0,,,2752,741,808,2,3288.8307548181756,01_q30.brbr,0,0,3,3625.593719078363,459,3386.9085866335918
4,,3543,8256,4766,6132,0,19803.793684792658,01_q30.brbr,0,1,4,21027.248983461235,2658,20808.091236174238
1,,27,2752,258,260,1,668.6539432399949,01_q30.brbr,0,1,8,1032.1859244888878,134,1528.3055642064342
2,,6,2752,106,107,1,520.8469768487413,01_q30.brbr,0,1,8,761.3778361904958,101,762.034949363616
1,,,2752,85,85,2,299.3313459818026,01_q30.brbr,0,1,8,505.384696741234,69,629.6805497247956
2,,,2752,38,38,2,166.32464276476693,01_q30.brbr,0,1,8,345.6396740244946,49,325.9949363099642
4,,2938,32768,8679,9525,0,37868.10312143312,01_q30.brbr,0,2,4,38158.528243340246,4799,42645.89304521227
1,48,,256,3,3,1,24.287735634563184,01_q30.brbr,0,2,12,71.92878473860657,14,33.31514960810608
2,48,,256,2,2,1,18.162612031968248,01_q30.brbr,0,2,12,51.74151109532592,12,23.886613565636416
4,176,509,90368,4875,4885,0,24290.066613792013,01_q30.brbr,0,3,4,22939.195422006855,2896,32649.133436738415
0,,5490,2752,2553,5652,0,14485.204088569726,01_q75.brbr,5,0,3,15047.939200181543,1886,14601.937248259921
0,,128,2752,1423,2273,1,6120.462118469534,01_q75.brbr,2,0,3,6424.686560930088,809,6375.855417438278
0,,64,2752,1297,1702,2,5286.443106752931,01_q75.brbr,1,0,3,5693.808140801815,717,5415.043263090506
4,,8821,8256,6249,9666,0,29515.70510617422,01_q75.brbr,1,1,4,31361.114833140957,3950,30389.139270296626
4,,404,8256,957,1145,1,4536.419515358218,01_q75.brbr,0,1,4,4997.52153485614,654,6344.476554248743
4,12,165,6016,744,779,2,3254.8086592995037,01_q75.brbr,0,1,4,3759.310186726544,499,4354.043548404764
4,,12928,32768,17542,22770,0,74105.2588886795,01_q75.brbr,0,2,4,74982.03649635053,9402,79593.71362407423
1,,37,11008,274,274,1,755.3326947425569,01_q75.brbr,0,2,8,1278.328114884037,165,2119.1542194658055
2,,4,10880,149,149,1,579.6201768739157,01_q75.brbr,0,2,8,974.9004528423441,127,1281.785856014878
1,48,,2304,24,24,2,158.33459848739847,01_q75.brbr,0,2,12,362.32493281812134,51,247.9401031702974
2,48,,768,8,8,2,56.65452553216146,01_q75.brbr,0,2,12,177.83562247321962,28,88.35086141994422
4,,6243,130816,21185,22409,0,98218.27528870384,01_q75.brbr,0,3,4,92650.85253538242,11610,116809.46812863405
0,,384,2752,1641,3507,0,7860.928801813599,02_q30.brbr,3,0,3,8202.939152976589,1031,8108.265615765738
0,,192,2752,1330,1972,1,5868.383264930937,02_q30.brbr,3,0,3,6189.537671210218,779,5981.449267256519
0,,64,2752,641,749,2,3132.9055834688106,02_q30.brbr,1,0,3,3570.987646599087,452,3275.8347970757504
4,,675,8256,1883,2178,0,8999.381319896502,02_q30.brbr,0,1,4,10147.477724637269,1298,10117.635170589478
4,,235,8256,653,748,1,3458.5066964988237,02_q30.brbr,0,1,4,3886.8439426146447,515,4558.243302079349
1,,1,2752,82,82,2,414.8348029358991,02_q30.brbr,0,1,8,658.7346181735631,88,612.42251734802
2,,,2752,98,98,2,261.9053390303161,02_q30.brbr,0,1,8,430.2460926809133,59,653.7406572186902
4,,301,32768,1923,2052,0,10770.874525204921,02_q30.brbr,0,2,4,12126.909806820138,1545,13367.28769565485
1,48,,2656,93,93,1,128.27520312675705,02_q30.brbr,0,2,12,470.72793722357545,64,637.9254138706192
2,48,,2816,105,105,1,201.8237998938302,02_q30.brbr,0,2,12,485.27864679612685,66,728.4523131637147
4,528,22,34480,716,716,0,4019.2563181541846,02_q30.brbr,0,3,4,4747.049766814596,623,6117.032064795786
0,,2496,2752,2146,5010,0,11021.779544431587,02_q75.brbr,5,0,3,11547.38479749183,1449,11490.732354910982
0,,448,2752,1953,4394,1,8793.11917618533,02_q75.brbr,4,0,3,9179.14516516773,1153,9064.308695412867
0,,128,2752,1391,2018,2,5828.54483800456,02_q75.brbr,2,0,3,6409.643398195818,807,6000.501327183893
4,,2559,8256,3655,4840,0,17110.364734307357,02_q75.brbr,1,1,4,18549.358745906437,2348,18065.028182978313
4,,1030,8256,2083,2637,1,10241.827713625122,02_q75.brbr,0,1,4,10778.810936236348,1377,11666.053163690667
4,,171,8256,755,847,2,3818.780113143465,02_q75.brbr,0,1,4,4355.6149370497415,573,4927.296032634381
4,,2581,32768,7265,8294,0,34021.66340420913,02_q75.brbr,0,2,4,35357.86382486707,4450,38864.757620215816
4,48,176,22400,1193,1274,1,4988.265647422406,02_q75.brbr,0,2,4,5523.205884216226,720,8426.2610759227
1,48,,3680,96,96,2,216.03324745097396,02_q75.brbr,0,2,12,477.68250806035223,65,703.9565250472958
2,48,,2304,14,14,2,133.63351834742278,02_q75.brbr,0,2,12,258.4563250539666,38,164.91382976637925
4,176,585,104864,4396,4534,0,24588.20360672194,02_q75.brbr,0,3,4,25189.889116837912,3178,32083.694334484782
0,,1728,2752,1892,4178,0,9790.773570197827,03_q30.brbr,4,0,3,10257.090640992908,1288,10077.446324856703
0,,192,2752,1062,2022,1,5596.351592097131,03_q30.brbr,2,0,3,6058.15092300517,763,5876.007087356849
0,,64,2752,784,1297,2,3780.21086104943,03_q30.brbr,1,0,3,4151.477282474136,524,4411.303345375613
4,,1038,8256,2137,2762,0,10515.626814485513,03_q30.brbr,0,1,4,11875.857894388084,1514,11974.337467417387
4,,83,8256,415,462,1,2237.3454248695507,03_q30.brbr,0,1,4,3007.305380615847,405,3083.950534251892
4,12,21,6784,176,187,2,1137.461648635336,03_q30.brbr,0,1,4,1914.9535406312361,268,1442.4412285848066
4,,408,32768,2307,2490,0,11921.46611012512,03_q30.brbr,0,2,4,13336.821441162689,1696,15611.365753683778
1,48,,2048,18,18,1,146.82121129488942,03_q30.brbr,0,2,12,336.94592470288717,48,197.83585078299407
2,48,,3584,44,44,1,310.13553043396576,03_q30.brbr,0,2,12,599.4715307685609,80,424.9276241898495
1,48,,256,2,2,2,14.25085066910855,03_q30.brbr,0,2,12,50.43823469443642,12,23.886613565636416
2,48,,256,1,1,2,13.323828397524803,03_q30.brbr,0,2,12,34.76285984301756,10,16.45239760675777
4,528,9,23136,696,696,0,4040.634221956179,03_q30.brbr,0,3,4,4568.509926754871,600,5519.9817161119
0,,4658,2752,2297,5164,0,13167.54936444438,03_q75.brbr,5,0,3,13753.790630295598,1725,13593.868267507336
0,,1152,2752,1491,3196,1,8024.020802714918,03_q75.brbr,3,0,3,8575.401621694304,1077,8428.58856844645
0,,640,2752,1157,2266,2,6029.035802531278,03_q75.brbr,2,0,3,6425.7874859547155,809,6623.43320857685
4,,3310,8256,3719,5437,0,18272.37226846093,03_q75.brbr,1,1,4,19894.914043820056,2516,19872.865562752628
4,,524,8256,1134,1433,1,5817.0244085745935,03_q75.brbr,0,1,4,6908.587684492033,894,7427.317593915248
4,,231,8256,659,778,2,3414.7041488744217,03_q75.brbr,0,1,4,4664.346883977923,613,4648.391993220345
4,,3136,32768,6309,7744,0,29746.75954318049,03_q75.brbr,0,2,4,31509.846650037853,3968,37506.53764321063
4,144,60,12960,444,465,1,2430.146097908455,03_q75.brbr,0,2,4,3520.1877323916756,469,3523.0632366329696
4,144,10,7680,161,162,2,1015.1182476705815,03_q75.brbr,0,2,4,1708.5107414429608,243,1402.3476805196108
4,176,721,99744,4705,4858,0,24109.104336335968,03_q75.brbr,0,3,4,25010.60890159474,3155,33595.31638447123
0,,1536,2752,2063,4383,0,9862.700653802793,04_q30.brbr,4,0,3,10361.59475026321,1301,10129.204676041298
0,,128,2752,1201,1786,1,5463.015126788484,04_q30.brbr,2,0,3,5852.807791981828,737,5610.278923106605
0,,64,2752,906,1116,2,4011.0117984266144,04_q30.brbr,1,0,3,4406.306103174727,556,4237.45999740517
4,,1602,8256,2746,3418,0,12711.011812808792,04_q30.brbr,0,1,4,14062.25013148007,1787,14200.009260632889
4,,114,8256,623,669,1,3206.345894581612,04_q30.brbr,0,1,4,4036.9596613097588,534,4124.921723297681
4,12,29,6528,294,298,2,1643.1540981626385,04_q30.brbr,0,1,4,2354.9545088040295,324,2086.7774589472774
4,,683,32768,3235,3453,0,16579.090028185237,04_q30.brbr,0,2,4,17829.525303610575,2258,20200.80644177281
1,48,,768,7,7,1,74.23141985359042,04_q30.brbr,0,2,12,140.90385184290375,23,77.82758704093965
2,48,,1536,34,34,1,166.66894985434016,04_q30.brbr,0,2,12,381.5224136376845,53,281.99342058170384
4,528,28,23216,702,704,0,3890.8696525328587,04_q30.brbr,0,3,4,4584.181289257252,602,5582.398524459727
0,,4608,2752,2470,5500,0,13362.520105561542,04_q75.brbr,5,0,3,13940.942047496357,1748,13718.14472323066
0,,512,2752,1796,3766,1,8239.694592142258,04_q75.brbr,3,0,3,8764.825661707257,1101,8544.416174327871
0,,192,2752,1476,2464,2,6497.098082511246,04_q75.brbr,2,0,3,6943.4685802563845,873,6738.393325567497
4,,4546,8256,4519,6387,0,21157.50583449155,04_q75.brbr,1,1,4,22789.816786317697,2877,22588.192100956796
4,,910,8256,1868,2247,1,8759.445376343656,04_q75.brbr,0,1,4,10056.257702493338,1286,10497.10888559456
4,,436,8256,1265,1394,2,5704.357946272689,04_q75.brbr,0,1,4,6952.031333962503,898,7344.664901023522
4,,4591,32768,9328,11088,0,41862.81005593617,04_q75.brbr,0,2,4,43421.407641733815,5457,48536.19700804568
1,,18,10880,357,359,1,1942.7334696303567,04_q75.brbr,0,2,8,2269.2165918950195,289,2616.96622480016
2,,64,11008,423,423,1,1975.1825658675757,04_q75.brbr,0,2,8,2363.266665513764,301,3062.1015524782656
1,48,1,2816,80,80,2,583.462643230082,04_q75.brbr,0,2,12,769.9282470795242,102,641.4573437841824
2,48,1,3072,68,68,2,504.26637920704127,04_q75.brbr,0,2,12,725.651667426929,96,576.7160478622303
4,176,916,100672,5290,5450,0,28587.14532006115,04_q75.brbr,0,3,4,29210.733784363147,3681,37025.814663567864
0,,5764,2752,2530,5429,0,14620.42449390448,05_q30.brbr,4,0,3,15264.884521513653,1914,14747.511795097567
0,,256,2752,1750,3545,1,7991.998679206236,05_q30.brbr,1,0,3,8507.06987621715,1069,8140.858801368735
0,,,2752,1236,2194,2,5326.287169364522,05_q30.brbr,0,0,3,5773.653592764136,727,6133.972365567042
4,,5818,8256,5914,8499,0,25730.76211087921,05_q30.brbr,1,1,4,27736.929639086247,3496,26039.301228326443
4,,219,8256,1059,1143,1,5516.921546029123,05_q30.brbr,0,1,4,6623.399400972381,857,6214.731104589201
4,,54,8256,410,426,2,2454.2801883022926,05_q30.brbr,0,1,4,3299.9107717090033,441,2888.2113534826935
4,,4533,32768,11297,12947,0,48956.392807471355,05_q30.brbr,0,2,4,50577.82449282479,6352,52562.1894224047
1,48,1,2304,31,31,1,266.6655691601574,05_q30.brbr,0,2,12,457.1019807699567,63,301.31733947606466
2,48,3,3072,54,54,1,355.2362341911576,05_q30.brbr,0,2,12,620.3644612673743,83,483.0424211627172
1,48,,768,3,3,2,46.130659605736206,05_q30.brbr,0,2,12,98.29712544577538,18,47.264431502753816
2,48,,1280,14,14,2,105.29067816197363,05_q30.brbr,0,2,12,231.6306047060941,34,146.51375679865862
4,176,548,106144,5602,5661,0,31111.81248782175,05_q30.brbr,0,3,4,32145.08830737181,4048,38020.77529059091
0,,9611,2752,2649,5492,0,18214.003053265413,05_q75.brbr,5,0,3,18870.54392190984,2364,18323.44364218675
0,,2112,2752,2229,5127,1,11149.33817134548,05_q75.brbr,2,0,3,11896.80640833968,1493,11275.540409663869
0,,960,2752,1818,3969,2,8316.343146187646,05_q75.brbr,1,0,3,8902.129230882827,1118,9208.809021341256
4,,13015,8256,7127,11805,0,35876.98699467875,05_q75.brbr,2,1,4,38341.66549074901,4823,36039.09463166061
4,,1527,8256,2976,3674,1,13485.304175413941,05_q75.brbr,0,1,4,14893.298536021559,1891,14658.655775281157
4,,567,8256,1694,1931,2,8344.83487938106,05_q75.brbr,0,1,4,9689.457712917601,1241,9243.32592242101
4,,17392,32768,20347,27984,0,88410.41589863737,05_q75.brbr,1,2,4,90690.83935556724,11365,91487.82714425317
4,48,159,24448,1100,1128,1,6181.311333313756,05_q75.brbr,0,2,4,7074.062767727307,913,7880.459794476219
4,96,36,17024,385,388,2,2391.1631048285453,05_q75.brbr,0,2,4,3228.759545379547,433,3145.097332520468
4,,7193,130816,23533,25585,0,108442.14155327674,05_q75.brbr,0,3,4,108570.3027882168,13601,128448.43758663411
0,,1344,2752,2043,4461,0,9788.570813058,06_q30.brbr,4,0,3,9980.965334019185,1253,10014.064655034963
0,,64,2752,975,1174,1,4157.872408574836,06_q30.brbr,1,0,3,4389.711019109119,554,4324.173741007958
0,,,2752,526,554,2,2553.176269101353,06_q30.brbr,0,0,3,2837.742871952145,360,2622.8077635114637
4,,2327,8256,3475,4365,0,15464.1691664472,06_q30.brbr,0,1,4,16294.491201076691,2066,16842.164127119235
4,12,15,6272,254,259,1,1442.4132724622132,06_q30.brbr,0,1,4,1924.13724452849,271,1825.6259167776293
1,12,,768,7,7,2,55.56130315576631,06_q30.brbr,0,1,12,167.15053839925727,26,73.2731358667227
2,,,2752,36,36,2,208.17183530849363,06_q30.brbr,0,1,8,379.4699511261672,53,294.94135725148215
4,,1922,32768,5853,6434,0,26729.513618187662,06_q30.brbr,0,2,4,26921.4191806707,3394,32431.844921373253
2,48,,512,5,5,1,41.02345686169263,06_q30.brbr,0,2,12,120.50513432863005,21,56.172487995299264
4,352,245,62384,3257,3263,0,17187.936646935024,06_q30.brbr,0,3,4,17280.752222012667,2189,22035.265671809462
0,,4376,2752,2392,5457,0,13206.322462342749,06_q75.brbr,6,0,3,13507.451783891695,1694,13572.41664748553
0,,256,2752,1658,2655,1,6865.969110803267,06_q75.brbr,2,0,3,7283.306727007417,916,7039.43739416974
0,,128,2752,1024,1250,2,4418.481886669548,06_q75.brbr,2,0,3,4755.823589109705,600,4522.569327625829
4,,6165,8256,5122,7515,0,23984.65342321333,06_q75.brbr,1,1,4,25101.731683392638,3168,25615.275218006867
4,,390,8256,1228,1326,1,5937.624422705264,06_q75.brbr,0,1,4,6609.565450248324,855,7074.772919517327
4,12,54,6528,480,497,2,2033.596202289861,06_q75.brbr,0,1,4,2809.0874218756476,380,3091.717693918004
4,,8837,32768,13282,16559,0,57750.548774309376,06_q75.brbr,0,2,4,57409.26171928669,7206,65063.7388457212
4,96,8,14720,347,350,1,1984.2777518201142,06_q75.brbr,0,2,4,2522.877347390816,344,2762.6254504997505
1,48,,1120,31,31,2,75.19002421318596,06_q75.brbr,0,2,12,319.87778759080743,45,227.66567650164623
2,48,,1024,8,8,2,80.4175316169278,06_q75.brbr,0,2,12,194.9574772064762,30,93.84979204972697
4,,4185,130816,14162,15069,0,66576.05891153298,06_q75.brbr,0,3,4,63657.070824009264,7987,87136.19955390453
0,,2753,2752,2049,4795,0,11403.25442555025,07_q30.brbr,4,0,3,11860.304621569674,1488,11652.538325736794
0,,64,2752,1144,2076,1,5842.716768509565,07_q30.brbr,1,0,3,6263.987897632178,788,5940.798157224024
0,,,2752,933,1371,2,4501.974133340556,07_q30.brbr,0,0,3,4943.444900008384,623,4714.476892300721
4,,2799,8256,3610,5001,0,16696.56020075647,07_q30.brbr,0,1,4,18137.957592552073,2296,18627.890852283643
4,,67,8256,546,575,1,3080.555993871337,07_q30.brbr,0,1,4,3908.6807717146717,518,3667.5059493065423
4,,13,8256,234,240,2,1643.2739126256956,07_q30.brbr,0,1,4,2219.3630253280908,306,1818.253044447903
4,,1829,32768,4945,5451,0,23066.989225226862,07_q30.brbr,0,2,4,24131.293490123022,3046,29166.507341237197
1,48,,1376,12,12,1,58.453820359952886,07_q30.brbr,0,2,12,242.4278221037814,36,125.42335054604231
2,48,,1536,6,6,1,80.31818424508486,07_q30.brbr,0,2,12,151.13387299021628,24,82.73033487952799
4,528,50,38160,1172,1173,0,7042.376701865253,07_q30.brbr,0,3,4,7697.373088001511,992,9155.754147396123
0,,6284,2752,2372,5182,0,14863.189355543202,07_q75.brbr,5,0,3,15416.528122957257,1932,15164.055173609962
0,,896,2752,1631,3894,1,8635.410656963999,07_q75.brbr,2,0,3,9169.401472205618,1152,8929.739063426188
0,,128,2752,1483,3251,2,7325.961885580456,07_q75.brbr,1,0,3,7907.388993220391,994,7550.667767588869
4,,6961,8256,4824,7885,0,25052.496963292022,07_q75.brbr,1,1,4,26828.60945108621,3382,27219.917463270533
4,,757,8256,1885,2238,1,8898.06173936956,07_q75.brbr,0,1,4,10308.98741324036,1318,10331.976234709238
4,,311,8256,1203,1347,2,6017.276790442599,07_q75.brbr,0,1,4,7091.616098572956,916,7022.602944482037
4,,7308,32768,10105,13468,0,47055.98931691643,07_q75.brbr,0,2,4,48341.44421866026,6072,56945.238952922606
4,48,44,23168,571,574,1,3259.5532020814453,07_q75.brbr,0,2,4,4023.5994585558396,533,4488.079921654458
1,48,1,4736,80,80,2,510.83559043842234,07_q75.brbr,0,2,12,876.6617760998477,115,711.9908197076752
2,48,1,4496,67,67,2,517.5235176536655,07_q75.brbr,0,2,12,792.2098371431975,104,611.15998889621
4,176,1845,104032,7670,7979,0,36089.77510967467,07_q75.brbr,0,3,4,36072.838738418075,4538,50197.47438019599
0,,4322,2752,2385,5171,0,13135.159488017902,08_q30.brbr,4,0,3,13669.826816609122,1714,13289.76522276094
0,,64,2752,1359,1968,1,5787.574468127177,08_q30.brbr,1,0,3,6306.607855409802,794,5901.56081047201
0,,,2752,865,971,2,3565.3242827535173,08_q30.brbr,0,0,3,3936.8588195555126,498,3819.4569165216817
4,,5641,8256,5146,7456,0,24057.263455951943,08_q30.brbr,1,1,4,25740.82295363456,3247,25085.465849959804
4,,147,8256,725,751,1,3597.3071820940854,08_q30.brbr,0,1,4,4480.318111872074,589,4535.175608896019
1,,7,2752,74,74,2,469.3904909464782,08_q30.brbr,0,1,8,731.5866910889445,97,563.4329188733732
2,12,,864,27,27,2,188.16980654210874,08_q30.brbr,0,1,12,345.39416439122215,49,211.1162918304713
4,,4896,32768,9498,11520,0,43356.75403219638,08_q30.brbr,0,2,4,44425.05061219786,5583,50153.80209982832
1,48,,2048,29,29,1,180.7397393982349,08_q30.brbr,0,2,12,390.48879070823585,54,279.83527902194226
2,48,,512,4,4,1,44.919552897694636,08_q30.brbr,0,2,12,111.52253082306305,19,45.74252917573265
4,176,1688,96896,8012,8152,0,36446.980991683704,08_q30.brbr,0,3,4,35184.43886780503,4428,49885.07034964198
0,,8080,2752,2596,5555,0,16740.719555625245,08_q75.brbr,5,0,3,17403.229685703816,2181,16942.273200272284
0,,192,2752,1954,4456,1,8767.74671122226,08_q75.brbr,2,0,3,9482.012145884919,1191,8924.050415684476
0,,,2752,1445,2162,2,6054.9544183115695,08_q75.brbr,0,0,3,6589.143511794297,829,6172.915483642243
4,,12436,8256,6557,10652,0,34140.763175892636,08_q75.brbr,2,1,4,36354.43436294769,4574,34874.02184892796
4,,1026,8256,2241,2666,1,10567.388144996352,08_q75.brbr,0,1,4,11900.735364229775,1517,11800.458426281328
4,,256,8256,1089,1134,2,5039.9918990053875,08_q75.brbr,0,1,4,5825.2585336400925,757,6123.072466217069
4,,16215,32768,17124,24225,0,80358.52072926794,08_q75.brbr,1,2,4,81895.07463597039,10266,86260.68091774156
4,48,83,21968,965,965,1,5020.7290431575,08_q75.brbr,0,2,4,5618.443097290078,732,6694.1458978162445
1,48,3,4096,87,87,2,539.1179923311659,08_q75.brbr,0,2,12,868.9533046665325,114,738.6394300206327
2,48,,1280,6,6,2,80.66302486247173,08_q75.brbr,0,2,12,157.96431512356403,25,82.09695377484871
4,,10945,130816,24005,26954,0,108007.82431314724,08_q75.brbr,0,3,4,102922.14850597316,12894,137136.39020780296
0,,1536,2752,1715,3811,0,9199.80061683859,09_q30.brbr,4,0,3,9093.751938655949,1142,9538.461790594361
0,,64,2752,802,1245,1,3798.2173923474247,09_q30.brbr,1,0,3,4107.224917761978,519,4367.017518247065
0,,,2752,487,603,2,2484.232115358379,09_q30.brbr,0,0,3,2686.0031285365303,341,2765.195537495318
4,,1814,8256,2339,3166,0,11329.84768938684,09_q30.brbr,1,1,4,12201.753464969901,1555,13740.998107859816
4,,48,8256,237,265,1,1542.717638940619,09_q30.brbr,0,1,4,2299.7166512053323,316,1957.4076295754164
4,24,4,4640,78,79,2,570.7803840183321,09_q30.brbr,0,1,4,1014.0253709261433,157,676.7425858245269
4,,1166,32768,3261,3688,0,15441.723603989105,09_q30.brbr,0,2,4,16120.79343970074,2044,21481.042133219627
1,48,1,1280,21,21,1,133.6792800071774,09_q30.brbr,0,2,12,357.0204008418067,50,198.6733350516865
2,48,,1536,33,33,1,215.15623301065497,09_q30.brbr,0,2,12,405.95626635515976,56,287.2304497379727
1,48,,256,1,1,2,16.177789293868486,09_q30.brbr,0,2,12,47.986878602364314,11,16.45239760675777
4,528,214,32784,1459,1463,0,6671.7577624340865,09_q30.brbr,0,3,4,7375.368973066797,951,10536.907759863181
0,,3984,2752,2184,4783,0,12309.062276048084,09_q75.brbr,6,0,3,12414.402503270738,1557,12747.17596697815
0,,448,2752,1441,2624,1,6669.315100890737,09_q75.brbr,1,0,3,7020.127446111745,883,7174.097306961356
0,,64,2752,1031,1544,2,4811.64639199882,09_q75.brbr,1,0,3,5113.485175208635,645,5073.023058449908
4,,4663,8256,3298,5092,0,17553.27345961585,09_q75.brbr,2,1,4,18713.482119879594,2368,20514.337201027316
4,,319,8256,754,959,1,4215.224400496951,09_q75.brbr,0,1,4,5497.693067360333,716,5361.013874803804
4,,95,8256,439,486,2,2481.8274523230966,09_q75.brbr,0,1,4,3153.1964957720247,424,3208.3964830410755
4,,4923,32768,6950,9088,0,32639.894634379583,09_q75.brbr,1,2,4,33027.05322713802,4158,42990.951180032265
4,144,65,6832,329,342,1,1649.9321093080544,09_q75.brbr,0,2,4,2499.4169172316997,342,2468.905085650146
1,48,3,2304,35,35,2,227.60558244593747,09_q75.brbr,0,2,12,524.4989387171661,71,329.9288857393437
2,48,,2304,40,40,2,266.02189834970534,09_q75.brbr,0,2,12,506.64991125309837,69,363.8903367471462
4,176,1839,97952,6140,6493,0,28867.77602237636,09_q75.brbr,0,3,4,28001.542184117116,3530,42916.284307786635
0,,1472,2752,1960,4268,0,9769.212234478677,10_q30.brbr,4,0,3,10099.757896545927,1268,9957.300930239966
0,,,2752,1027,1407,1,4570.424450269201,10_q30.brbr,0,0,3,4971.632539117659,627,4833.734550684578
0,,,2752,472,560,2,2390.088010612242,10_q30.brbr,0,0,3,2655.2751126947,337,2642.695945453156
4,,1619,8256,2688,3534,0,13011.592728275915,10_q30.brbr,0,1,4,14233.626636495883,1808,14480.782191856602
4,12,25,6272,289,302,1,1596.8656230874803,10_q30.brbr,0,1,4,2315.6393246979114,319,2072.1091855062496
4,36,2,2496,44,49,2,317.52054623051174,10_q30.brbr,0,1,4,739.7143489987737,122,418.4561630124227
4,,1003,32768,3425,3805,0,16981.044354671114,10_q30.brbr,0,2,4,17998.7479339657,2279,21866.99134091723
1,48,,1024,7,7,1,65.46171541134788,10_q30.brbr,0,2,12,169.65433696242704,27,86.31783709706004
2,48,,1280,8,8,1,82.28722888724629,10_q30.brbr,0,2,12,204.96376928470875,31,101.22001744211221
4,528,107,34848,1251,1269,0,6844.64647129522,10_q30.brbr,0,3,4,7918.809384705894,1019,9623.744614976602
0,,4509,2752,2397,5336,0,13303.718762574357,10_q75.brbr,5,0,3,13779.73339835924,1728,13564.162559526649
0,,192,2752,1582,2956,1,7147.444810652296,10_q75.brbr,1,0,3,7721.7053637811005,971,7412.797859151644
0,,64,2752,1023,1398,2,4526.753771974395,10_q75.brbr,1,0,3,4948.175178799624,624,4849.895774719908
4,,4667,8256,4198,6268,0,20977.844560749225,10_q75.brbr,1,1,4,22436.557914258978,2834,22537.671915367966
4,,332,8256,1103,1280,1,5735.2937630654005,10_q75.brbr,0,1,4,6820.8780115260915,882,6812.835043902765
4,12,68,6624,441,470,2,2410.6559992498637,10_q75.brbr,0,1,4,3234.4483492177715,434,2993.177593295346
4,,4770,32768,7942,10220,0,37901.87435053861,10_q75.brbr,0,2,4,38955.20455719399,4899,46261.89475242505
4,144,13,9152,223,227,1,1448.7664504920515,10_q75.brbr,0,2,4,2193.3540957721375,304,1890.3388088432573
1,48,2,1104,24,24,2,142.17061728659232,10_q75.brbr,0,2,12,341.7842187459805,48,213.46708071850964
2,48,2,1536,17,17,2,112.42712706784523,10_q75.brbr,0,2,12,289.0985236191001,42,177.55428028933505
4,176,1455,102016,5841,6264,0,30095.41860427785,10_q75.brbr,0,3,4,30791.42186213073,3879,41652.932884408256
0,,1664,2752,1928,4170,0,9780.843923108356,11_q30.brbr,4,0,3,9963.65977038626,1251,10035.422181000582
0,,64,2752,1087,1607,1,4969.839719496825,11_q30.brbr,1,0,3,5372.740883605388,677,5268.711183569937
0,,,2752,594,703,2,2701.4811922409795,11_q30.brbr,0,0,3,3046.054817498947,386,3102.0812300366633
4,,2157,8256,3256,4237,0,14971.237617021388,11_q30.brbr,0,1,4,16168.240560487475,2050,16516.038087246805
4,,55,8256,419,435,1,2456.6353777057584,11_q30.brbr,0,1,4,3343.7798374066097,448,2938.8946784409727
4,12,9,5760,116,116,2,570.7787679434357,11_q30.brbr,0,1,4,1046.761361644745,160,934.5235169544806
4,,1367,32768,4608,5164,0,22552.87515625625,11_q30.brbr,0,2,4,23498.765353373725,2967,27462.348942696874
1,48,,768,6,6,1,56.79532578106924,11_q30.brbr,0,2,12,151.49557681439313,24,72.32196688155322
2,48,,1536,13,13,1,122.0863953162273,11_q30.brbr,0,2,12,240.18699247776894,36,146.76140896669358
4,352,156,68880,2241,2251,0,12491.18631406768,11_q30.brbr,0,3,4,13098.77607272223,1666,16847.066797523366
0,,4700,2752,2332,5007,0,13245.402477863103,11_q75.brbr,5,0,3,13503.781072336431,1693,13555.68140839454
0,,384,2752,1664,3732,1,7853.9848255619145,11_q75.brbr,2,0,3,8367.8436445919,1051,8321.568331167973
0,,64,2752,1124,1637,2,4802.622178616486,11_q75.brbr,1,0,3,5218.1150784807305,658,5309.195665005429
4,,5891,8256,5003,7407,0,23911.061167642052,11_q75.brbr,1,1,4,25055.11851277589,3160,25311.840800815364
4,,602,8256,1633,1864,1,7774.382480374369,11_q75.brbr,0,1,4,9141.98051588829,1173,9053.401663118902
4,,152,8256,649,690,2,3451.841041671214,11_q75.brbr,0,1,4,4270.011474389666,563,4292.231215539858
4,,6740,32768,11545,14472,0,52146.52821018154,11_q75.brbr,0,2,4,52426.50676071841,6583,58769.248084146675
4,48,36,23168,506,509,1,2999.364326586381,11_q75.brbr,0,2,4,3740.403148830304,497,4042.3160886079654
1,48,1,2400,54,54,2,208.5125485203243,11_q75.brbr,0,2,12,503.84776483493005,68,447.43319733291827
2,48,,2048,24,24,2,189.7977448414131,11_q75.brbr,0,2,12,383.0220061870331,53,243.58298104052955
4,176,2843,108256,10551,11239,0,51965.453372792705,11_q75.brbr,0,3,4,51172.43459328977,6426,66555.6301599756
0,,1024,2752,1712,3889,0,8418.365180313764,12_q30.brbr,4,0,3,8753.210254000976,1100,9027.950822197387
0,,64,2752,791,1045,1,3899.4410197818593,12_q30.brbr,1,0,3,4310.350561983272,544,4033.0489972213595
0,,,2752,612,827,2,3213.3817183425826,12_q30.brbr,0,0,3,3607.72140053249,456,3399.5639803268914
4,,1369,8256,2092,2702,0,10553.236999535498,12_q30.brbr,1,1,4,11396.021847164106,1454,12169.075686821154
4,12,25,6272,237,243,1,1156.6842188170888,12_q30.brbr,0,1,4,1900.2327188877173,267,1723.859774308167
4,24,10,3520,162,169,2,818.3650842737145,12_q30.brbr,0,1,4,1358.1257891412026,199,1172.4132556961754
4,,735,32768,2309,2593,0,12272.698352281655,12_q30.brbr,0,2,4,12989.375578317746,1653,16380.833661039365
1,48,,768,12,12,1,74.55461146820134,12_q30.brbr,0,2,12,197.44257389984566,30,110.33210323532342
4,528,54,30896,1076,1080,0,4591.07873784199,12_q30.brbr,0,3,4,5108.311931130989,668,8272.839426857421
0,,3648,2752,2223,4801,0,11723.370636247262,12_q75.brbr,6,0,3,12238.987929202567,1535,12312.970156502764
0,,128,2752,1260,2283,1,5989.30463544678,12_q75.brbr,2,0,3,6461.044592112261,813,6350.333977702161
0,,192,2752,1005,1807,2,5155.119048385717,12_q75.brbr,2,0,3,5571.799292738735,702,5487.13418145067
4,,3725,8256,3780,5386,0,18620.438633634163,12_q75.brbr,1,1,4,19795.075860795376,2504,20098.181755367434
4,12,275,6880,728,885,1,3774.3524413684945,12_q75.brbr,0,1,4,4695.702246845106,616,4897.552138634982
4,12,174,6528,599,671,2,2924.5270706258516,12_q75.brbr,0,1,4,3747.7139476215316,498,3971.735457237484
4,,3506,32768,6890,8503,0,34026.938674703866,12_q75.brbr,0,2,4,34430.78934206569,4333,40203.67026004217
4,144,44,5984,271,272,1,1121.6311784731497,12_q75.brbr,0,2,4,1798.673811382571,254,1970.2695771754156
1,48,6,2048,81,81,2,446.8876538184822,12_q75.brbr,0,2,12,775.8657673495514,102,603.9667427142057
2,48,2,1280,20,20,2,141.54174291904113,12_q75.brbr,0,2,12,312.97777051638076,45,189.39228948270758
4,176,1167,99328,4410,4649,0,23732.859721903136,12_q75.brbr,0,3,4,23592.180127714957,2978,33103.41831897002
0,,3450,2752,2493,5606,0,12568.096563184026,13_q30.brbr,4,0,3,13096.013698990579,1642,12662.798053827735
0,,64,2752,1434,1779,1,5445.569848835065,13_q30.brbr,1,0,3,5967.885670615597,751,5493.370219145014
0,,,2752,1103,1229,2,4286.665640177589,13_q30.brbr,0,0,3,4624.395590833678,584,4360.660054395535
4,,4589,8256,5646,7586,0,23239.026120259547,13_q30.brbr,0,1,4,24672.39430937219,3113,23469.17849429324
4,12,16,6960,314,324,1,1861.1459561188017,13_q30.brbr,0,1,4,2447.1463547860194,336,2241.5691295703405
4,12,,5680,47,47,2,414.20236379196126,13_q30.brbr,0,1,4,684.311862277461,115,444.4559886986918
4,,4137,32768,11234,12748,0,48927.575352926135,13_q30.brbr,0,2,4,49731.55125394533,6245,51660.87346729144
1,48,,768,6,6,1,63.63755029070774,13_q30.brbr,0,2,12,149.74807642429698,24,70.71232640711641
2,48,,256,7,7,1,30.704718478477492,13_q30.brbr,0,2,12,109.93749614852567,19,60.217155418650925
2,48,,256,1,1,2,12.06799237740669,13_q30.brbr,0,2,12,33.68344037372444,10,16.45239760675777
4,176,688,105248,6801,6896,0,37814.23016265469,13_q30.brbr,0,3,4,37442.66620269833,4709,44272.3051997613
0,,7384,2752,2646,5588,0,16124.124650699016,13_q75.brbr,5,0,3,16729.928700269495,2097,16196.039471600448
0,,128,2752,2084,4019,1,8355.837918776038,13_q75.brbr,2,0,3,9010.11075013103,1132,8406.262403436722
0,,64,2752,1750,2744,2,6951.901001265062,13_q75.brbr,1,0,3,7399.4273193985255,930,6995.180405511844
4,,10732,8256,6990,11227,0,33135.53962088184,13_q75.brbr,1,1,4,35277.389838534495,4439,33274.473369018946
4,,487,8256,1950,2112,1,9140.611346091764,13_q75.brbr,0,1,4,10016.968413390512,1281,9680.853862269061
4,,112,8256,1053,1072,2,5352.146382784362,13_q75.brbr,0,1,4,5963.588097273415,775,5758.2265417558
4,,17446,32768,21539,28618,0,89450.04894507924,13_q75.brbr,0,2,4,90590.02985046103,11353,91120.26774344943
4,96,10,16704,333,340,1,2284.3171500307617,13_q75.brbr,0,2,4,2983.080767375229,402,2823.604622918193
4,144,1,4192,41,42,2,378.4230655665332,13_q75.brbr,0,2,4,721.0854412632251,120,455.79047880105304
4,,8801,130816,29126,31781,0,134889.32388565183,13_q75.brbr,0,3,4,131545.4662693639,16472,149323.11440099083
0,,3328,2752,2438,5261,0,12267.460662232148,14_q30.brbr,4,0,3,12870.410485126014,1614,12352.627059401158
0,,768,2752,1516,2847,1,7566.554192680614,14_q30.brbr,1,0,3,7689.195463768733,967,7800.537397549253
0,,,2752,926,1516,2,4446.399701479946,14_q30.brbr,0,0,3,4829.007166522369,609,4923.533124687043
4,,3330,8256,4800,6285,0,20332.129584669052,14_q30.brbr,0,1,4,21881.944802432303,2765,20868.32038344953
4,,432,8256,1089,1296,1,5381.125084164003,14_q30.brbr,0,1,4,6751.995708567814,873,6902.547908313013
4,,70,8256,428,447,2,2440.211993757022,14_q30.brbr,0,1,4,3206.170728586624,430,2991.717960660613
4,,1688,32768,6832,7488,0,32530.82263101131,14_q30.brbr,0,2,4,33936.24957835807,4271,35494.7846892052
4,144,37,9984,466,467,1,2736.464241312624,14_q30.brbr,0,2,4,3548.184581514922,473,3314.2941807348693
1,48,,1280,8,8,2,89.95919235830871,14_q30.brbr,0,2,12,177.13233191841974,28,99.71024243778527
2,48,,1280,11,11,2,111.18973610754435,14_q30.brbr,0,2,12,224.8622782841693,34,123.72675603728533
4,176,143,93696,2125,2137,0,13605.047362956482,14_q30.brbr,0,3,4,14498.349335435567,1842,16991.35777757567
0,,7088,2752,2608,5514,0,15877.83654525246,14_q75.brbr,5,0,3,16528.20981882613,2071,15946.88604008178
0,,2304,2752,2056,4246,1,10320.339879563546,14_q75.brbr,3,0,3,10699.558999726723,1343,10693.166699591324
0,,768,2752,1361,2590,2,6930.128669416102,14_q75.brbr,1,0,3,7221.078671573467,908,7417.09902411613
4,,8573,8256,6416,9997,0,30129.709408226932,14_q75.brbr,1,1,4,32256.67833331541,4061,30416.062914776958
4,,1895,8256,2351,3247,1,11719.396962220426,14_q75.brbr,1,1,4,13240.133205340837,1683,13953.491944155774
4,,577,8256,1191,1444,2,5897.660336196138,14_q75.brbr,0,1,4,7086.298486797451,916,7571.599631979786
4,,9870,32768,16468,20650,0,69838.06334042015,14_q75.brbr,0,2,4,71710.07557135087,8993,72901.7670351513
4,48,599,26752,1926,2100,1,9452.839640851462,14_q75.brbr,0,2,4,10583.78095607301,1352,13308.690158693227
4,144,47,11008,543,546,2,3061.1787542981674,14_q75.brbr,0,2,4,3917.1124110355513,519,3816.1996129939357
4,,2484,130816,12832,13560,0,66849.75399559355,14_q75.brbr,0,3,4,65986.30243959623,8277,79126.66665491149
0,,2296,2752,1848,4255,0,10079.495723054077,15_q30.brbr,4,0,3,10722.641678787197,1346,10639.098332628451
0,,64,2752,1131,1903,1,5423.4561928035555,15_q30.brbr,1,0,3,5927.671431276654,746,5720.150731879271
0,,64,2752,1026,1402,2,4576.646332967931,15_q30.brbr,1,0,3,5024.424755023839,633,4858.448955285232
4,,1490,8256,2283,3134,0,11801.52865569808,15_q30.brbr,1,1,4,13374.590696373252,1701,13315.295223197802
4,,71,8256,456,497,1,2644.701231498105,15_q30.brbr,0,1,4,3577.926213844247,476,3263.681120601182
4,12,24,6368,230,234,2,1250.0762992140399,15_q30.brbr,0,1,4,1893.7014352632746,266,1721.8869841484616
4,,764,32768,2764,3224,0,14866.257195612054,15_q30.brbr,0,2,4,16327.61494622034,2070,18965.516513526996
1,48,,256,2,2,1,24.975548620832498,15_q30.brbr,0,2,12,61.038524122502615,13,25.886613565636416
2,48,,768,4,4,1,39.39325179595429,15_q30.brbr,0,2,12,78.8749909949267,15,52.28549913215265
4,528,51,34768,1083,1083,0,5898.837445860186,15_q30.brbr,0,3,4,6676.204137210294,864,8371.852472111921
0,,5416,2752,2260,5259,0,13521.373575392578,15_q75.brbr,5,0,3,14150.23271629641,1774,14324.447586132243
0,,753,2752,1649,3696,1,8309.164954966052,15_q75.brbr,2,0,3,8905.959662701247,1119,8650.619797292613
0,,128,2752,1366,2879,2,6815.184339334308,15_q75.brbr,2,0,3,7363.693011502642,926,7079.165471720367
4,,4375,8256,3730,5680,0,19123.253097938286,15_q75.brbr,1,1,4,20841.221348536677,2634,21188.81535622565
4,,673,8256,1483,1756,1,7340.630050261039,15_q75.brbr,0,1,4,8827.403907045686,1132,8790.516848990357
4,,298,8256,1008,1128,2,5109.54331346547,15_q75.brbr,0,1,4,6154.899072748263,799,6219.905089826428
4,,4105,32768,7776,9657,0,36426.69149504958,15_q75.brbr,0,2,4,38131.00810620938,4795,44119.11651428284
4,96,42,16096,702,703,1,3834.6817896393914,15_q75.brbr,0,2,4,4463.0521252839035,588,4941.506369226492
1,48,3,4320,206,206,2,1247.9173899145917,15_q75.brbr,0,2,12,1520.950431791287,196,1447.0821775703216
2,48,,2288,35,35,2,286.57609875900823,15_q75.brbr,0,2,12,485.6112671527983,66,332.93438459399493
4,176,1316,105152,5630,5962,0,29087.306777288664,15_q75.brbr,0,3,4,29773.36435065373,3751,40229.11643770302
0,,704,2752,1939,4210,0,8858.562566050818,16_q30.brbr,4,0,3,9141.889297981597,1148,9112.21252668186
0,,,2752,929,1164,1,4136.855840891787,16_q30.brbr,0,0,3,4448.615728741512,562,4312.361415736764
0,,,2752,560,569,2,2317.0620338181525,16_q30.brbr,0,0,3,2591.490226843514,329,2631.1982961241815
4,,1168,8256,2608,3007,0,11577.605878892056,16_q30.brbr,0,1,4,12520.569790544105,1595,12740.46489152142
4,24,,5056,95,95,1,707.509703673041,16_q30.brbr,0,1,4,1070.9223937725478,163,797.4687479754975
4,,567,32768,2909,3044,0,14725.154871105195,16_q30.brbr,0,2,4,15499.39223736883,1967,18231.31893974769
4,352,26,50432,952,952,0,6230.188981099884,16_q30.brbr,0,3,4,6697.78887832526,866,7871.633051234218
0,,3586,2752,2370,5452,0,12459.78742988679,16_q75.brbr,5,0,3,12741.16369504027,1598,12801.457279904085
0,,128,2752,1483,2475,1,6503.374876289561,16_q75.brbr,1,0,3,6905.50764358141,869,6735.055306707318
0,,,2752,811,905,2,3609.5657323666164,16_q75.brbr,0,0,3,3797.5731957721346,480,3653.3700647079345
4,,3755,8256,4567,6178,0,20104.514027412315,16_q75.brbr,0,1,4,21178.015406801376,2677,21289.337454731245
4,,128,8256,827,873,1,4082.0360329998666,16_q75.brbr,0,1,4,4793.702349198079,629,5030.796149575818
4,24,5,4544,146,146,2,842.4435944876836,16_q75.brbr,0,1,4,1235.4008566479715,184,1081.1742350056409
4,,4149,32768,9165,10655,0,40467.13111912749,16_q75.brbr,0,2,4,40541.34077590778,5097,46870.05979423892
1,48,,2816,43,43,1,247.57531915471893,16_q75.brbr,0,2,12,484.8054786445902,66,400.43499943115916
2,48,,4352,61,61,1,366.69707444004234,16_q75.brbr,0,2,12,654.644624678394,87,561.3431817083693
1,48,,256,4,4,2,18.782095110006615,16_q75.brbr,0,2,12,100.5708743213157,18,36.73798328378759
4,176,1262,98560,7053,7238,0,34089.27536981562,16_q75.brbr,0,3,4,33135.87964656559,4171,45685.01207686968
0,,2623,2752,2239,5160,0,11579.746601567469,17_q30.brbr,3,0,3,12047.109483369573,1511,11762.73091590138
0,,,2752,978,1271,1,4349.364997925023,17_q30.brbr,0,0,3,4626.180647388125,584,4551.041392914517
0,,,2752,412,432,2,1722.514589619229,17_q30.brbr,0,0,3,1993.5329152957147,255,2204.663495050356
4,,2424,8256,3652,4736,0,16309.29879792943,17_q30.brbr,0,1,4,17703.221201266,2243,17695.635833824766
4,12,8,6448,122,123,1,885.8389681030131,17_q30.brbr,0,1,4,1407.7716042045993,205,1014.0476166353378
1,12,,256,1,1,2,14.112789611574314,17_q30.brbr,0,1,12,34.96491417877757,10,14.405675804634832
2,12,,512,2,2,2,27.347297080612385,17_q30.brbr,0,1,12,68.72705135631217,14,28.680016261762702
4,,1014,32768,3884,4241,0,19505.65267520801,17_q30.brbr,0,2,4,20707.176365424242,2618,23673.654429648417
1,48,,512,2,2,1,28.707450504299093,17_q30.brbr,0,2,12,79.56862571260389,15,32.87409725797536
2,48,,512,3,3,1,40.44933314322121,17_q30.brbr,0,2,12,87.74781502298175,16,41.309730403463995
4,528,72,36080,992,999,0,6491.970186993477,17_q30.brbr,0,3,4,7658.856474311842,986,8074.16488337606
0,,6326,2752,2523,5613,0,15156.240728433915,17_q75.brbr,5,0,3,15731.094482481305,1972,15399.38888977454
0,,256,2752,1604,2726,1,6975.419447512999,17_q75.brbr,1,0,3,7403.928907388111,931,7161.234711259575
0,,,2752,1030,1240,2,3950.303410398963,17_q75.brbr,0,0,3,4369.1304346137,552,4468.665899742435
4,,6546,8256,5302,8036,0,25300.184597139418,17_q75.brbr,1,1,4,26898.474656016093,3391,26718.48128360104
4,,185,8256,850,918,1,4439.0291453510035,17_q75.brbr,0,1,4,5330.4211118176,695,5280.255094954433
4,12,5,6448,129,131,2,919.6467978089663,17_q75.brbr,0,1,4,1490.2544949987482,215,1065.921829870804
4,,5388,32768,10189,12679,0,46723.43622285583,17_q75.brbr,0,2,4,47719.527675323814,5994,53270.058479490785
4,144,13,6320,166,168,1,1084.5932592773972,17_q75.brbr,0,2,4,1838.976975503188,259,1387.6667152452571
1,48,,512,4,4,2,39.71820355427759,17_q75.brbr,0,2,12,96.455240182117,18,48.98764167356918
2,48,,1536,12,12,2,111.51101987869198,17_q75.brbr,0,2,12,238.62487463948847,35,135.13589969258013
4,176,1398,104160,6142,6497,0,31831.163278188007,17_q75.brbr,0,3,4,32481.868689074836,4090,42896.780334719086
0,,2628,2752,2308,5201,0,11715.435237982667,18_q30.brbr,3,0,3,12276.225716218256,1540,11768.907932776272
0,,64,2752,1562,2532,1,6564.604026089566,18_q30.brbr,1,0,3,6918.50159680766,870,6753.39872905053
0,,,2752,1136,1419,2,4288.867885086447,18_q30.brbr,0,0,3,4763.145799660429,601,4846.998634680062
4,,3162,8256,4583,5851,0,18903.29982113324,18_q30.brbr,0,1,4,20551.29389777546,2598,20055.52395725613
4,,51,8256,625,650,1,3647.0046689325154,18_q30.brbr,0,1,4,4324.771188692141,570,3997.8652361367845
4,12,,6704,131,131,2,1013.0621531421151,18_q30.brbr,0,1,4,1449.5626040235406,211,1068.2877960649844
4,,1959,32768,7534,8195,0,33887.618321974835,18_q30.brbr,0,2,4,35257.11006426381,4437,37621.135877891575
1,48,,1360,10,10,1,102.83836703594886,18_q30.brbr,0,2,12,215.24891057229735,32,121.04900729996714
2,48,,1472,11,11,1,119.07378362783199,18_q30.brbr,0,2,12,218.13268388939105,33,131.58157904871928
4,176,228,95648,2482,2506,0,15867.054936142615,18_q30.brbr,0,3,4,16869.72771617549,2138,19506.237441580957
0,,6322,2752,2534,5531,0,15297.852507319807,18_q75.brbr,5,0,3,15930.417920895656,1997,15372.146111300579
0,,1047,2752,2071,4437,1,9580.481314170269,18_q75.brbr,2,0,3,10242.626506613196,1286,9725.093674245794
0,,64,2752,1682,3354,2,7326.304717028741,18_q75.brbr,1,0,3,7936.33807290181,997,7752.50791585179
4,,7927,8256,6023,9453,0,28378.456361407458,18_q75.brbr,1,1,4,30500.651621167603,3841,29540.44693063372
4,,926,8256,2558,2900,1,11274.298521944489,18_q75.brbr,0,1,4,12632.185487529514,1608,12163.719593363574
4,,208,8256,1415,1474,2,6860.1830481195775,18_q75.brbr,0,1,4,8060.354112602051,1037,7346.005389231345
4,,10876,32768,16167,20565,0,67419.53142282285,18_q75.brbr,0,2,4,69389.30240875197,8703,73949.41337913586
4,48,33,23248,687,692,1,4505.380431807306,18_q75.brbr,0,2,4,5277.174513934766,690,5205.310738884384
4,144,,7552,82,82,2,769.9278560758607,18_q75.brbr,0,2,4,1171.3853033602,176,840.1557138470018
4,,3452,130816,14861,15771,0,73917.51865809014,18_q75.brbr,0,3,4,73200.2366631135,9179,89173.37021594375
0,,1472,2752,2146,4982,0,10184.40667402975,19_q30.brbr,4,0,3,10635.618711734309,1335,10516.75364763606
0,,64,2752,1182,1510,1,4884.914364148865,19_q30.brbr,1,0,3,5376.441173891065,677,5046.833109844005
0,,,2752,489,555,2,2205.9372156219074,19_q30.brbr,0,0,3,2436.9829246712475,310,2637.576873660382
4,,1951,8256,2925,3711,0,13872.3086262026,19_q30.brbr,1,1,4,14868.702264098762,1888,15175.373044630553
4,24,24,4208,193,198,1,1066.4467752998858,19_q30.brbr,0,1,4,1837.6649588191083,259,1391.8482826910144
4,36,4,944,36,36,2,213.88413256109132,19_q30.brbr,0,1,4,527.8721137089174,95,274.38775029160337
4,,1900,32768,4212,4835,0,21087.97144422293,19_q30.brbr,0,2,4,21686.221726612777,2740,26785.581839863662
1,48,1,256,9,9,1,42.8162887087038,19_q30.brbr,0,2,12,166.58982307671863,26,71.50115529786076
2,48,,768,3,3,1,32.0172774443896,19_q30.brbr,0,2,12,75.72823895385963,15,44.509544000590346
4,528,917,37440,3139,3147,0,12572.902876985263,19_q30.brbr,0,3,4,12287.966736120012,1566,19418.369638484317
0,,5048,2752,2492,5556,0,13839.405611404798,19_q75.brbr,5,0,3,14411.326132084403,1807,14152.537307426925
0,,320,2752,1868,3210,1,7588.04911869837,19_q75.brbr,2,0,3,8247.141222099823,1036,7778.278634768542
0,,,2752,952,1289,2,4147.419281467261,19_q75.brbr,0,0,3,4372.4254862973685,552,4580.68675405429
4,,5428,8256,4938,7006,0,22971.756984947406,19_q75.brbr,1,1,4,24376.845314524984,3076,24058.290312026013
4,,281,8256,1031,1130,1,5480.582340428205,19_q75.brbr,0,1,4,6491.331756102579,840,6244.857730852582
4,12,55,6016,270,289,2,1592.5920575702464,19_q75.brbr,0,1,4,2272.0459884651436,313,1985.6650546485005
4,,7441,32768,10382,12938,0,47906.94804502799,19_q75.brbr,1,2,4,47609.31911670447,5981,55872.797031276416
4,144,52,7264,291,291,1,1442.777212888537,19_q75.brbr,0,2,4,2183.9433186368256,302,2156.4067972876055
1,48,,512,10,10,2,73.27542873710885,19_q75.brbr,0,2,12,180.6341165173873,28,92.76971096837842
2,48,1,768,13,13,2,85.12516001101328,19_q75.brbr,0,2,12,218.69924478036847,33,123.7801934466347
4,,4220,130816,9932,10768,0,48819.442743013264,19_q75.brbr,0,3,4,45649.44570530523,5736,68757.50495052249
0,,2112,2752,1501,3382,0,9001.380495520252,20_q30.brbr,5,0,3,8751.943629150377,1099,9467.655782062264
0,,64,2752,904,1490,1,4601.180087619507,20_q30.brbr,1,0,3,4824.979396654388,609,4888.599593996286
0,,,2752,606,649,2,2677.249171742715,20_q30.brbr,0,0,3,2862.6710630771936,363,2927.2976282493237
4,,1616,8256,2252,3133,0,10996.08130870001,20_q30.brbr,1,1,4,11961.84015303425,1525,13387.860183686622
4,12,62,6704,341,361,1,1848.1049908956466,20_q30.brbr,0,1,4,2612.739787114699,356,2456.2992322293157
1,12,,512,6,6,2,50.27158352715861,20_q30.brbr,0,1,12,138.00804996542684,23,60.40552026445933
2,12,,944,12,12,2,97.86554863262673,20_q30.brbr,0,1,12,233.53507201425444,35,113.52888927329852
4,,983,32768,2995,3521,0,15737.18361330914,20_q30.brbr,0,2,4,16588.007073165376,2102,20428.521270984616
1,48,1,2048,32,32,1,187.41091423571476,20_q30.brbr,0,2,12,413.40098738559004,57,299.54663855688824
2,48,1,1792,21,21,1,147.6926065790522,20_q30.brbr,0,2,12,317.6305654467241,45,214.5668872165734
4,528,132,37920,1546,1557,0,8258.473103834589,20_q30.brbr,0,3,4,8903.68113605477,1142,11403.406610503827
0,,4430,2752,1870,4469,0,12020.12414480824,20_q75.brbr,6,0,3,11605.332543708384,1456,12893.162627347561
0,,704,2752,1405,2772,1,6941.147395536526,20_q75.brbr,2,0,3,7242.500343235474,911,7481.405347755571
0,,64,2752,1000,1349,2,4560.848362498592,20_q75.brbr,1,0,3,4805.7882551414295,606,4735.363919381061
4,,4443,8256,3125,4926,0,16231.867492170457,20_q75.brbr,1,1,4,17471.629703303817,2213,19830.626895172292
4,,436,8256,1055,1294,1,5450.425309754701,20_q75.brbr,0,1,4,6373.078350346199,826,6892.621751146006
4,,25,8256,302,314,2,1875.086383900071,20_q75.brbr,0,1,4,2435.0296807128525,333,2259.7577109693702
4,,4647,32768,7245,9461,0,33756.55985431782,20_q75.brbr,0,2,4,34244.04189502853,4309,43715.23460320764
4,96,72,17120,425,445,1,2436.974040160059,20_q75.brbr,0,2,4,3191.593609557503,428,3545.32079095557
1,48,,1280,9,9,2,88.35571460259494,20_q75.brbr,0,2,12,209.70284554637337,32,108.71036568601919
2,48,,512,3,3,2,32.16257118508999,20_q75.brbr,0,2,12,86.11344418595762,16,41.309730403463995
4,176,1640,102784,5914,6575,0,31584.614448465087,20_q75.brbr,0,3,4,31094.924913994964,3916,43141.65524306491
0,,2559,2752,1791,4012,0,10431.704467779686,21_q30.brbr,4,0,3,10038.905153417338,1260,10783.001204845687
0,,64,2752,1235,1788,1,5437.202199796191,21_q30.brbr,1,0,3,5743.7932197935215,723,5574.401395412591
0,,,2752,691,744,2,2894.6114930446015,21_q30.brbr,0,0,3,3162.3282297925234,401,3203.8712021404563
4,,2721,8256,3294,4505,0,14800.124202664845,21_q30.brbr,0,1,4,15867.649194127453,2013,17628.59197838572
4,12,60,6784,386,396,1,2186.3248437002662,21_q30.brbr,0,1,4,2847.2550305046293,385,2627.8072122951326
1,12,,768,3,3,2,37.27132396529688,21_q30.brbr,0,1,12,101.22322127809807,18,40.80984579864675
2,12,,944,14,14,2,112.07613915306968,21_q30.brbr,0,1,12,270.3403521961614,39,126.61513072334206
4,,1976,32768,5841,6538,0,26175.201529039652,21_q30.brbr,0,2,4,26701.623832282607,3367,32695.234662592895
2,48,,1024,4,4,1,53.68434827302484,21_q30.brbr,0,2,12,103.90221378869931,18,57.62270321853933
4,352,271,69568,2674,2689,0,15625.173032160345,21_q30.brbr,0,3,4,16253.1605015495,2061,19539.020354653705
0,,5090,2752,2161,5220,0,13598.898372669228,21_q75.brbr,5,0,3,13279.30029841338,1665,14246.940788733313
0,,448,2752,1812,3734,1,8232.542440147057,21_q75.brbr,2,0,3,8643.430135399498,1086,8455.969674762324
0,,,2752,1063,1437,2,4730.66233956292,21_q75.brbr,0,0,3,4881.31053443117,616,4899.490576973612
4,,6545,8256,4382,7015,0,22189.60958928873,21_q75.brbr,1,1,4,23477.520110568057,2965,25607.44097735823
4,,563,8256,1580,1788,1,7574.096727311692,21_q75.brbr,0,1,4,8488.024483706606,1090,8751.331446397413
4,12,53,6192,326,336,2,1861.710656853432,21_q75.brbr,0,1,4,2503.13984668406,342,2261.811659970097
4,,8636,32768,11210,14881,0,49476.820263208916,21_q75.brbr,0,2,4,50424.006478502415,6333,61561.232733394565
4,144,33,9728,345,345,1,2007.9818357283025,21_q75.brbr,0,2,4,2719.5607257945494,369,2613.149189658673
1,48,,256,1,1,2,16.011539630112548,21_q75.brbr,0,2,12,35.024140548744846,10,16.45239760675777
2,48,,256,1,1,2,14.876963957448549,21_q75.brbr,0,2,12,46.98642263197786,11,16.45239760675777
4,,3540,130816,12851,13756,0,61646.139223867074,21_q75.brbr,0,3,4,59435.705704167696,7459,80898.97325712026
0,,1536,2752,2117,4909,0,10345.70848954214,22_q30.brbr,4,0,3,10695.57999679015,1342,10528.459114077315
0,,64,2752,1409,2091,1,5991.555290593612,22_q30.brbr,1,0,3,6429.003225657952,809,6107.6726536269825
0,,,2752,1144,1391,2,4523.107044705577,22_q30.brbr,0,0,3,4963.247816636224,626,4777.423099282076
4,,1811,8256,3517,4271,0,15095.052601945072,22_q30.brbr,0,1,4,16345.524642428587,2073,16049.133878639888
4,,56,8256,475,488,1,2694.4923568114896,22_q30.brbr,0,1,4,3477.0662143402656,464,3221.779544159054
4,12,4,6272,194,194,2,1238.6739469217425,22_q30.brbr,0,1,4,1713.2603126305974,243,1451.5791412496374
4,,833,32768,4361,4653,0,21984.31896165813,22_q30.brbr,0,2,4,23067.624175693283,2913,25082.9313298774
1,48,3,1536,21,22,1,117.8238964492522,22_q30.brbr,0,2,12,367.7384523992552,51,207.2740253711069
2,48,,1280,13,13,1,102.60736211171219,22_q30.brbr,0,2,12,252.47055051133287,37,140.82245192367645
4,528,174,39568,1225,1238,0,7097.949140683066,22_q30.brbr,0,3,4,8069.496489164023,1039,9738.795140114256
0,,4886,2752,2443,5669,0,13888.122595542533,22_q75.brbr,5,0,3,14290.961316543815,1792,14157.361054304369
0,,576,2752,1980,4341,1,9019.609242758774,22_q75.brbr,2,0,3,9642.980383184971,1211,9175.394667119614
0,,64,2752,1698,3162,2,7418.306430755235,22_q75.brbr,1,0,3,7882.078088512793,991,7533.650722307139
4,,5314,8256,5308,7756,0,23992.44102984213,22_q75.brbr,1,1,4,25658.86733179307,3237,25050.701514467764
4,,695,8256,1997,2240,1,9331.635376809088,22_q75.brbr,0,1,4,10562.121255310189,1349,10279.417842978175
4,,325,8256,1424,1487,2,6754.761192307617,22_q75.brbr,0,1,4,7736.172487240295,996,7503.869713636018
4,,6218,32768,12352,14715,0,52814.83341311844,22_q75.brbr,0,2,4,54072.63307831649,6789,58212.36434577558
4,48,52,23424,517,531,1,3346.3878243359036,22_q75.brbr,0,2,4,4186.923415258015,553,4253.185599823922
1,48,,4096,45,45,2,376.3837724638481,22_q75.brbr,0,2,12,632.9843911149028,85,445.20092785048536
2,48,1,4080,70,70,2,538.9443851628208,22_q75.brbr,0,2,12,771.7477308250204,102,622.3051098627822
4,176,1577,107520,8475,8843,0,45280.420555448276,22_q75.brbr,0,3,4,44701.23166036364,5617,54870.67070761729
0,,1600,2752,1992,4371,0,9966.506787103466,23_q30.brbr,4,0,3,10469.11926174372,1314,10156.047861611529
0,,192,2752,1369,2740,1,6708.232566467741,23_q30.brbr,2,0,3,7120.493818082802,895,6949.915896470084
0,,64,2752,1177,1679,2,5249.817603880883,23_q30.brbr,1,0,3,5602.226958844506,706,5375.495323740048
4,,1051,8256,1969,2466,0,9551.334330747079,23_q30.brbr,0,1,4,10826.824082826544,1383,11230.651004839927
4,,132,8256,512,575,1,2917.0751764361753,23_q30.brbr,0,1,4,3942.946076765032,522,3688.8369879784955
4,12,8,6528,187,187,2,1066.1801584461964,23_q30.brbr,0,1,4,1604.5253850285605,229,1422.0636937124127
4,,701,32768,1841,2122,0,9505.010037178236,23_q30.brbr,0,2,4,11037.40844698842,1409,13898.99074855792
1,48,3,2240,45,45,1,251.24791773032229,23_q30.brbr,0,2,12,500.9387529110951,68,398.2423980280772
2,48,,1440,42,42,1,208.51808844959052,23_q30.brbr,0,2,12,412.7819623175803,57,337.49190244373887
4,528,160,17328,912,917,0,4270.099530380406,23_q30.brbr,0,3,4,5230.150748885493,682,6435.694578492623
0,,4556,2752,2374,5327,0,13418.151947774368,23_q75.brbr,5,0,3,13996.472328815216,1755,13628.497842871411
0,,1536,2752,1868,4450,1,9618.558988489161,23_q75.brbr,3,0,3,10177.58389262069,1278,10136.320603364107
0,,256,2752,1730,3753,2,8079.335649256357,23_q75.brbr,2,0,3,8577.84905846946,1078,8271.708669468615
4,,3285,8256,3439,4875,0,16697.12281474896,23_q75.brbr,1,1,4,18101.879137776945,2292,18773.308852286926
4,,766,8256,1532,1892,1,7672.161039888378,23_q75.brbr,0,1,4,9062.660721186394,1162,9269.741991670298
4,,206,8256,880,968,2,4647.959778020802,23_q75.brbr,0,1,4,5596.088459285477,729,5528.734855788676
4,,2936,32768,4813,6017,0,24110.688513887646,23_q75.brbr,0,2,4,25664.035807134467,3237,31534.262255795853
4,48,148,22912,638,671,1,3247.3154019390017,23_q75.brbr,0,2,4,4116.302177993814,543,5140.294467003635
1,48,,2912,28,28,2,240.19998797648742,23_q75.brbr,0,2,12,454.9812547434043,62,294.7542888044968
2,48,1,2192,72,72,2,325.7308106262242,23_q75.brbr,0,2,12,586.8447912450496,79,552.6870984432105
4,528,1154,43392,3301,3563,0,15926.255370780813,23_q75.brbr,0,3,4,16830.406736416826,2134,22972.862016300158
0,,3167,2752,2335,5069,0,12069.933371664238,24_q30.brbr,4,0,3,12697.623323856798,1593,12159.540442056208
0,,64,2752,1411,2035,1,5952.085332004511,24_q30.brbr,1,0,3,6417.314100148642,808,6030.6014339536505
0,,,2752,889,1000,2,3554.1801222124495,24_q30.brbr,0,0,3,3907.356256193044,494,3887.5092089020327
4,,3105,8256,4511,5860,0,19385.5739799254,24_q30.brbr,0,1,4,21076.527820822408,2664,20097.259821452644
4,,44,8256,476,481,1,2748.750444439036,24_q30.brbr,0,1,4,3540.2547818754942,472,3157.9132096469666
4,24,1,4480,59,59,2,451.9886757243325,24_q30.brbr,0,1,4,828.9844367680199,133,532.0636100935958
4,,2364,32768,7305,8147,0,33576.784726809776,24_q30.brbr,0,2,4,35199.80543294733,4429,38088.23370521064
4,144,10,3328,66,66,1,400.6921484808144,24_q30.brbr,0,2,4,885.3802693112503,140,594.3929365626777
4,176,490,99040,3638,3682,0,20527.273272221715,24_q30.brbr,0,3,4,21876.344766892973,2764,26723.17950122485
0,,6982,2752,2562,5240,0,15594.831298594805,24_q75.brbr,5,0,3,16287.804792841142,2041,15699.713868051977
0,,448,2752,1942,4252,1,8858.034100500243,24_q75.brbr,2,0,3,9521.717099519054,1196,8984.875428232175
0,,64,2752,1439,2173,2,6046.262337624195,24_q75.brbr,1,0,3,6537.970236584066,823,6253.413339099849
4,,7963,8256,5974,9412,0,28887.903893542676,24_q75.brbr,1,1,4,31026.54479466708,3908,29575.34635212223
4,,668,8256,2023,2267,1,9400.782325778599,24_q75.brbr,0,1,4,10953.865518608774,1398,10307.223993008376
4,,115,8256,783,815,2,4256.669412732788,24_q75.brbr,0,1,4,5274.528030526506,688,4759.356941568292
4,,10571,32768,15247,19820,0,67035.02141070736,24_q75.brbr,0,2,4,69273.15156210471,8689,72984.1799441583
4,48,147,25216,886,898,1,5212.232943890011,24_q75.brbr,0,2,4,6442.047546010844,834,6633.705844146166
4,144,1,7104,102,102,2,818.2046757975472,24_q75.brbr,0,2,4,1311.6139568588808,194,974.9946265062454
4,,4876,130816,16111,17543,0,78398.00737075982,24_q75.brbr,0,3,4,78705.26911911064,9868,97516.7026359386
0,,5372,2752,2590,5479,0,14248.78773975199,0801x2_q30.brbr,4,0,3,15048.38449163978,1886,14280.989658007675
0,,,2752,1537,1995,1,5508.039558726573,0801x2_q30.brbr,0,0,3,6059.438683163189,763,5812.2026062080295
0,,,2752,534,546,2,1832.6944937509163,0801x2_q30.brbr,0,0,3,2235.980936327437,285,2559.7221956791877
4,,5701,8128,6088,8596,0,25201.853982174638,0801x2_q30.brbr,1,1,4,27522.884205346516,3469,25499.83666937706
4,,14,8128,220,224,1,1626.6885232287786,0801x2_q30.brbr,0,1,4,2231.635551971627,309,1714.4217379870474
1,12,,256,1,1,2,13.79442760862105,0801x2_q30.brbr,0,1,12,35.7996455414216,10,14.405675804634832
2,12,,256,5,5,2,18.853466548523627,0801x2_q30.brbr,0,1,12,119.25818707508286,20,44.10837016199983
4,,3812,32640,12084,13308,0,49737.47546907893,0801x2_q30.brbr,0,2,4,51452.45089415159,6460,51618.271128336564
1,48,,1104,6,6,1,69.33770592157698,0801x2_q30.brbr,0,2,12,158.7415608964411,25,80.81328668894221
2,48,1,592,17,18,1,90.67453340779768,0801x2_q30.brbr,0,2,12,269.9090101013487,39,147.86347303832102
2,48,,256,2,2,2,18.309034032818346,0801x2_q30.brbr,0,2,12,50.62237541064911,12,23.886613565636416
4,176,89,92192,2599,2601,0,17886.711024837718,0801x2_q30.brbr,0,3,4,18788.153636663435,2378,19803.092000352168
0,,9570,2752,2678,5375,0,18003.970599969973,0801x2_q75.brbr,5,0,3,18788.08850379355,2354,18046.272678217265
0,,128,2752,2080,4420,1,8609.944549634,0801x2_q75.brbr,1,0,3,9379.341008493597,1178,8811.671299478723
0,,,2752,1068,1196,2,3856.6968303398385,0801x2_q75.brbr,0,0,3,4328.4574573111995,547,4306.502817349181
4,,12718,8128,7149,11931,0,35307.952149420395,0801x2_q75.brbr,2,1,4,38032.41841007089,4784,35510.072341448285
4,,385,8128,2038,2169,1,9255.524902969693,0801x2_q75.brbr,0,1,4,10695.88905744093,1366,9570.151562031622
4,12,10,6784,169,173,2,1241.650273589003,0801x2_q75.brbr,0,1,4,1864.5984345648844,263,1348.8882243869878
4,,17646,32640,22015,29201,0,89233.6697510829,0801x2_q75.brbr,0,2,4,92099.40492882609,11542,91444.36893442587
4,48,26,23120,372,386,1,2912.9559314655435,0801x2_q75.brbr,0,2,4,3660.1767764695646,487,3221.4827755991655
1,48,,592,3,3,2,35.70028555744746,0801x2_q75.brbr,0,2,12,90.43086040133637,17,43.380495911650094
2,48,,768,12,12,2,91.21099194033151,0801x2_q75.brbr,0,2,12,205.57947505379687,31,115.1016385251894
4,,3904,130560,20381,21151,0,96232.18819944667,0801x2_q75.brbr,0,3,4,94233.47875186105,11809,108894.50799161584
0,,5568,2752,2592,5940,0,14813.87638271675,0802x2_q30.brbr,4,0,3,15727.027660750973,1971,14886.928330452787
0,,1984,2752,2335,5072,1,10872.207452577813,0802x2_q30.brbr,2,0,3,11687.299535921358,1466,11009.877627656362
0,,256,2752,2294,5901,2,9901.302760920176,0802x2_q30.brbr,2,0,3,10702.784258731952,1343,10011.572537473041
4,,3604,8128,5061,6743,0,21113.33969886498,0802x2_q30.brbr,0,1,4,23118.567727702306,2919,21386.477078827513
4,,552,8128,2076,2328,1,9788.666567382017,0802x2_q30.brbr,0,1,4,11138.124061082233,1422,10273.28501125766
4,,271,8128,1671,1764,2,7977.32819301343,0802x2_q30.brbr,0,1,4,8907.301704589832,1144,8298.311273333262
4,,531,32640,3643,3941,0,19883.456122500615,0802x2_q30.brbr,0,2,4,21137.174108523974,2671,22011.43985946616
4,48,7,22272,387,387,1,2688.1509224806928,0802x2_q30.brbr,0,2,4,3412.061334952396,456,3202.8117055089047
1,48,,4176,34,34,2,298.65723314404255,0802x2_q30.brbr,0,2,12,556.6002874970117,75,352.69574105590425
2,48,,4080,27,27,2,265.3529939363918,0802x2_q30.brbr,0,2,12,463.4318883778953,63,306.86105901191155
1,176,2,16640,146,146,0,1223.1469731021482,0802x2_q30.brbr,0,3,12,1763.2514824868908,226,1520.404857680512
2,176,3,16352,154,154,0,1275.2132777431502,0802x2_q30.brbr,0,3,12,1816.7800171780727,233,1578.363206945714
0,,10388,2752,2693,5153,0,18459.257872702252,0802x2_q75.brbr,5,0,3,19341.676314136108,2423,18559.47914351348
0,,5238,2752,2587,5653,1,14176.055238214845,0802x2_q75.brbr,3,0,3,15170.825899048752,1902,14280.093702801074
0,,5054,2752,2559,4882,2,13352.69286032602,0802x2_q75.brbr,3,0,3,14297.388418993802,1793,13432.241132405208
4,,9071,8128,6617,10609,0,30886.271311206685,0802x2_q75.brbr,1,1,4,33224.19879639623,4182,31064.25887680785
4,,3112,8128,4543,6036,1,19657.54791503877,0802x2_q75.brbr,0,1,4,21648.163772345986,2735,20244.111185729475
4,,2355,8128,4263,5360,2,17758.30315740923,0802x2_q75.brbr,0,1,4,19466.7204843706,2463,18251.11132636088
4,,4780,32640,11738,14126,0,53180.190568214515,0802x2_q75.brbr,0,2,4,55169.00545312339,6925,55510.81556766382
4,,382,32640,2518,2675,1,14043.343512242827,0802x2_q75.brbr,0,2,4,15002.060500678723,1905,16448.84646793494
4,,90,32640,1616,1630,2,9408.342051556392,0802x2_q75.brbr,0,2,4,10135.515784277977,1296,11020.238145271625
4,176,370,106208,3849,3929,0,22984.896596004855,0802x2_q75.brbr,0,3,4,24623.042382357962,3107,28628.42424512559
0,,3386,3136,2682,6103,0,13686.092207776182,0803x2_q30.brbr,4,0,3,14206.406876963685,1781,13834.48826834466
0,,576,3136,2211,4852,1,10139.916464632845,0803x2_q30.brbr,2,0,3,10491.09990556085,1317,10282.467438936856
0,,512,3136,2045,4126,2,9393.427904076538,0803x2_q30.brbr,2,0,3,9666.814891925882,1214,9543.192959359649
4,,2450,9280,3070,4128,0,14979.633318590375,0803x2_q30.brbr,1,1,4,16336.028325831887,2071,17239.311395364253
4,,378,9280,1244,1386,1,6323.9443184169495,0803x2_q30.brbr,0,1,4,7667.781898694867,988,7457.086575708899
4,,326,9280,990,1106,2,5182.509484575001,0803x2_q30.brbr,0,1,4,6393.187243744974,828,6324.816745903759
4,,1222,36992,3369,3888,0,16891.64016807512,0803x2_q30.brbr,0,2,4,18350.5485613158,2322,22877.427538672793
4,152,8,12800,311,311,1,2075.093046911838,0803x2_q30.brbr,0,2,4,2794.2564633072334,379,2559.0535924737273
4,152,7,12288,236,237,2,1699.2645649022702,0803x2_q30.brbr,0,2,4,2427.9621701578435,333,2064.030894973975
4,624,121,35840,1170,1171,0,6986.040367671133,0803x2_q30.brbr,0,3,4,7961.61285718273,1024,9105.798648066911
0,,7906,3136,2934,6199,0,17821.780777753935,0803x2_q75.brbr,5,0,3,18446.78595808534,2311,17980.987285974927
0,,3624,3136,2644,5669,1,13613.261186167592,0803x2_q75.brbr,3,0,3,14271.840992996053,1789,13798.765121871176
0,,3008,3136,2550,5413,2,12881.565627749123,0803x2_q75.brbr,3,0,3,13360.537907956992,1675,13033.55684768521
4,,6195,9280,4914,7311,0,24791.662576545285,0803x2_q75.brbr,1,1,4,26159.25861973731,3299,26637.122437321665
4,,1877,9280,2968,3852,1,14051.49413415083,0803x2_q75.brbr,0,1,4,15767.586060197007,2001,16077.40062917938
4,,1630,9280,2557,3227,2,12104.831890060212,0803x2_q75.brbr,0,1,4,13495.083130897905,1716,14283.938672664402
4,,5221,36992,7041,9468,0,34557.426588450864,0803x2_q75.brbr,1,2,4,36190.85308200999,4553,45573.37697301769
4,48,436,30592,1980,2092,1,10315.278184606406,0803x2_q75.brbr,0,2,4,11397.399206098149,1454,13497.320386473817
4,48,367,30592,1638,1714,2,8500.570306334486,0803x2_q75.brbr,0,2,4,9614.831701573079,1232,11600.258924617305
4,624,1427,66336,5315,5667,0,26943.565354299302,0803x2_q75.brbr,0,3,4,27337.20704601338,3446,35689.84093577456
0,,4117,2432,2133,4764,0,12017.257478779897,0804x2_q30.brbr,4,0,3,12355.29903793066,1550,12201.58675663952
0,,576,2432,1697,4087,1,7999.633539091872,0804x2_q30.brbr,1,0,3,8553.965387555498,1075,8382.173549539048
0,,,2432,756,1007,2,3017.900962133144,0804x2_q30.brbr,0,0,3,3437.4140415082197,435,3745.610820919257
4,,4565,7296,4781,6855,0,21070.84765435402,0804x2_q30.brbr,1,1,4,22755.3154475537,2874,21857.299015137192
4,,782,7296,1726,2135,1,8822.439896013682,0804x2_q30.brbr,0,1,4,10412.621818656913,1331,9715.034932316146
4,12,12,6144,171,180,2,1182.5045715925976,0804x2_q30.brbr,0,1,4,1837.7662553825705,259,1364.86580982788
4,,3139,28928,8143,9259,0,36511.075997366774,0804x2_q30.brbr,0,2,4,37691.61431947841,4740,40528.267490907805
4,40,230,22144,1158,1183,1,5759.455385535874,0804x2_q30.brbr,0,2,4,6691.096698219674,866,8039.745961685067
1,40,,2048,14,14,2,134.78915457566447,0804x2_q30.brbr,0,2,12,285.87199446693086,41,162.86669582192172
2,40,,2048,12,12,2,106.64345719217059,0804x2_q30.brbr,0,2,12,288.47446309606505,42,142.91936423650523
4,160,180,80896,3398,3402,0,19953.552980499975,0804x2_q30.brbr,0,3,4,20450.134174869265,2586,23848.066673563942
0,,7635,2432,2289,4777,0,15151.211951962461,0804x2_q75.brbr,6,0,3,15564.77585372697,1951,15386.702092281921
0,,3183,2432,2031,4654,1,10938.079893540413,0804x2_q75.brbr,2,0,3,11525.192985337279,1446,11291.481679468572
0,,64,2432,1196,2188,2,5422.259485525787,0804x2_q75.brbr,0,0,3,5752.272372938901,724,5861.701197916791
4,,10347,7296,5852,9717,0,29565.28005699377,0804x2_q75.brbr,2,1,4,31833.07300170924,4009,30551.849399416795
4,,3067,7296,3571,5072,1,17013.07357231515,0804x2_q75.brbr,1,1,4,19182.77917043181,2428,18115.9738562425
4,,230,7296,859,979,2,4598.062062087586,0804x2_q75.brbr,0,1,4,5875.15505999134,764,5348.391579806715
4,,12561,28928,15570,21121,0,68731.42653061329,0804x2_q75.brbr,1,2,4,70590.49880049263,8853,73453.72466037182
4,,1385,28928,3569,4133,1,18164.393797553334,0804x2_q75.brbr,0,2,4,18967.339236502252,2401,22775.217810723785
4,40,25,20608,267,279,2,1805.8355571285385,0804x2_q75.brbr,0,2,4,2701.659555619442,367,2422.0706077908653
4,,4791,115456,16862,17802,0,77020.39879988511,0804x2_q75.brbr,0,3,4,75038.0919866702,9408,94704.7165990568
0,,5231,3136,2863,6086,0,15329.2431577468,0805x2_q30.brbr,4,0,3,16217.910647334851,2033,15414.825841060552
0,,64,3136,1701,2123,1,6277.856755160046,0805x2_q30.brbr,1,0,3,6778.45787879761,853,6398.324433077025
0,,,3136,1095,1107,2,3680.2327701319323,0805x2_q30.brbr,0,0,3,4035.8579830923327,510,4116.122079014812
4,,4441,9280,6048,7768,0,24272.97526907204,0805x2_q30.brbr,0,1,4,26643.290304872848,3360,24663.27124191694
4,12,2,6976,183,183,1,1347.0736947093626,0805x2_q30.brbr,0,1,4,1840.6620695557053,259,1409.6010344831873
4,,2339,36992,8457,9106,0,38486.46614461878,0805x2_q30.brbr,0,2,4,40067.25678282773,5037,42141.59680922511
4,624,126,44608,2082,2086,0,13090.2102756344,0805x2_q30.brbr,0,3,4,13387.927871397433,1703,14814.405395709759
0,,9803,3136,3033,6160,0,19469.844058037226,0805x2_q75.brbr,6,0,3,20383.935426004555,2553,19596.83010402503
0,,192,3136,2441,5036,1,9915.26979153794,0805x2_q75.brbr,2,0,3,10649.17741190928,1337,10036.783256598183
0,,,3136,1504,1703,2,5392.558024897974,0805x2_q75.brbr,0,0,3,5843.8905847338765,736,5522.053158942641
4,,10852,9280,7668,12007,0,35482.54737487902,0805x2_q75.brbr,1,1,4,38199.580784077334,4805,35725.172236348626
4,,389,9280,2252,2329,1,10000.867432645742,0805x2_q75.brbr,0,1,4,11119.303902613696,1420,10336.753692860393
4,,5,9280,282,282,2,2041.7159534167192,0805x2_q75.brbr,0,1,4,2440.4284505019114,335,2086.5250249367004
4,,12756,36992,20072,24599,0,81120.28035623138,0805x2_q75.brbr,0,2,4,83326.35479828482,10445,84957.87276814654
1,56,1,4896,75,75,1,652.3825395843021,0805x2_q75.brbr,0,2,12,895.2379368706147,117,687.4881330908466
2,,1,12288,74,74,1,647.9061655692959,0805x2_q75.brbr,0,2,8,932.2160171257249,122,721.4349182498091
4,,3224,148224,15183,15856,0,75666.55858354752,0805x2_q75.brbr,0,3,4,75569.29695450999,9475,91890.20943501864
0,,3240,2752,2216,4847,0,11835.110117157974,0806x2_q30.brbr,4,0,3,12501.7157593964,1568,12049.338200207168
0,,128,2752,1465,2616,1,6740.904755046595,0806x2_q30.brbr,2,0,3,7239.787306258056,910,6865.32235842772
0,,,2752,580,691,2,2666.4599746226554,0806x2_q30.brbr,0,0,3,2914.419987459525,370,3060.521042489267
4,,2483,8128,3405,4433,0,15359.672326382011,0806x2_q30.brbr,0,1,4,16844.98610632415,2135,17103.4738265437
4,,174,8128,758,816,1,3927.9030735605625,0806x2_q30.brbr,0,1,4,4863.938988981593,637,4805.572453835237
4,24,2,4560,96,97,2,604.0330440559492,0806x2_q30.brbr,0,1,4,1018.0609956680859,157,795.8782874816085
4,,1527,32640,4486,5054,0,21479.697626048597,0806x2_q30.brbr,0,2,4,23057.393685573916,2912,27038.440561350417
4,144,4,10064,177,180,1,1288.590039445463,0806x2_q30.brbr,0,2,4,2046.5997027003027,286,1606.543123264783
1,48,,256,1,1,2,13.174435902986493,0806x2_q30.brbr,0,2,12,34.325391885159775,10,16.45239760675777
2,48,,256,1,1,2,11.092170093863519,0806x2_q30.brbr,0,2,12,34.25243652426486,10,16.45239760675777
4,528,194,37696,1928,1934,0,10795.911368934321,0806x2_q30.brbr,0,3,4,11923.494779127917,1520,13441.092113587927
0,,6994,2752,2505,5133,0,15331.634513946905,0806x2_q75.brbr,5,0,3,16020.702919604932,2008,15607.319668727427
0,,1152,2752,2021,4604,1,9790.433213041404,0806x2_q75.brbr,3,0,3,10478.760775892375,1315,9948.960839543968
0,,64,2752,1088,1703,2,4852.64963738294,0806x2_q75.brbr,1,0,3,5331.691645679976,672,5402.965797102485
4,,6340,8128,4850,7414,0,23990.921359296175,0806x2_q75.brbr,1,1,4,25796.187830116658,3254,25719.150819611554
4,,1166,8128,2258,2746,1,10439.468378471112,0806x2_q75.brbr,0,1,4,11664.157615440594,1488,12062.617401684787
4,12,169,6624,626,663,2,3151.326009396767,0806x2_q75.brbr,0,1,4,4309.359132684848,568,3956.8664662923748
4,,6594,32640,10209,12998,0,46548.34428398072,0806x2_q75.brbr,0,2,4,48188.83563161849,6053,55222.17683559307
4,48,272,26624,1680,1749,1,8663.256366719685,0806x2_q75.brbr,0,2,4,9843.637884909476,1259,11351.445818667213
4,144,1,7072,172,172,2,1200.8782504578846,0806x2_q75.brbr,0,2,4,1705.7836348049466,243,1437.553079176014
4,176,2617,106880,9031,9642,0,44299.5593169177,0806x2_q75.brbr,0,3,4,45214.08754588252,5681,59199.11458595234
0,,3492,2304,2034,4309,0,10923.98609149037,0807x2_q30.brbr,4,0,3,11597.233776874658,1455,10976.586405435066
0,,576,2304,1691,3692,1,7738.659122676486,0807x2_q30.brbr,2,0,3,8474.564424755297,1065,7830.771453136261
0,,64,2304,1439,2479,2,6052.1995390698485,0807x2_q30.brbr,1,0,3,6546.965543419557,824,6115.236270701911
4,,3687,6784,4314,5838,0,18050.703297684107,0807x2_q30.brbr,1,1,4,19978.194620828817,2527,18983.286156656144
4,,518,6784,1707,1878,1,7839.515140209819,0807x2_q30.brbr,0,1,4,9354.494863441367,1198,8444.20632414553
4,,111,6784,826,853,2,4327.350041697594,0807x2_q30.brbr,0,1,4,5282.0996149361135,690,4683.280348659508
4,,2931,27264,8971,9765,0,36681.34557412614,0807x2_q30.brbr,0,2,4,38518.73460899632,4844,39842.95650285181
4,40,44,21472,748,754,1,4837.509916476377,0807x2_q30.brbr,0,2,4,5541.590237030731,722,5516.101994469739
1,40,,2560,37,37,2,297.26314001417757,0807x2_q30.brbr,0,2,12,482.2958661974682,66,346.2097408036649
2,,3,9088,135,135,2,961.1291408173406,0807x2_q30.brbr,0,2,8,1246.8012998024014,161,1145.7897868608793
4,144,264,82608,3955,3967,0,24260.726345311235,0807x2_q30.brbr,0,3,4,25225.156776424836,3183,27126.22064865563
0,,6692,2304,2188,4548,0,13941.390778324401,0807x2_q75.brbr,5,0,3,14668.421188691871,1839,14025.795559072612
0,,3062,2304,2038,4483,1,10574.328371341326,0807x2_q75.brbr,3,0,3,11446.531519792848,1436,10676.818682468764
0,,1216,2304,1836,4101,2,8658.993220609262,0807x2_q75.brbr,3,0,3,9374.151795758362,1177,8730.33292668933
4,,8589,6784,5322,8675,0,26407.80023810847,0807x2_q75.brbr,2,1,4,28773.4576452477,3626,27120.580832846757
4,,2709,6784,3749,4880,1,15872.651074993919,0807x2_q75.brbr,0,1,4,18050.449774851244,2285,16708.710546502596
4,,1259,6784,2779,3224,2,11568.873971311372,0807x2_q75.brbr,0,1,4,13210.848710627317,1681,12283.531674530592
4,,12964,27264,16242,21478,0,66872.17572077751,0807x2_q75.brbr,0,2,4,69683.02741922686,8740,71971.99575793423
4,,1026,27264,4336,4709,1,21395.576841010115,0807x2_q75.brbr,0,2,4,22581.727544654965,2852,24123.905040753627
4,,210,27264,1875,1937,2,10747.64450962083,0807x2_q75.brbr,0,2,4,11621.912663786019,1482,12218.925430310626
4,,5442,108544,22457,23823,0,101340.52992994185,0807x2_q75.brbr,0,3,4,101484.62444159397,12715,113283.67777604114
0,,2560,2752,1666,3800,0,9994.998765786206,0808x2_q30.brbr,4,0,3,9777.732004527788,1228,10444.611678038962
0,,256,2752,1297,2527,1,6515.1199581762885,0808x2_q30.brbr,2,0,3,6665.53849165975,839,6740.6162186170695
0,,,2752,757,922,2,3449.3633951792294,0808x2_q30.brbr,0,0,3,3525.699716983876,446,3717.38644301665
4,,2352,8128,2582,3659,0,12247.060565030411,0808x2_q30.brbr,0,1,4,13583.35311032368,1727,15304.284444975641
4,,182,8128,799,884,1,4342.602685792471,0808x2_q30.brbr,0,1,4,5098.487874312803,666,5101.356841334105
4,12,6,6464,129,129,2,910.9233943185607,0808x2_q30.brbr,0,1,4,1314.4237081501526,194,1047.9754789030587
4,,1731,32640,4520,5211,0,21347.968200183655,0808x2_q30.brbr,0,2,4,22354.788976467175,2824,27825.877742048004
4,96,4,14976,235,235,1,1658.2712058363875,0808x2_q30.brbr,0,2,4,2253.2925089056566,311,2038.095903578473
4,528,229,44800,2090,2117,0,12077.330914968157,0808x2_q30.brbr,0,3,4,13076.11677573984,1663,15022.538431922063
0,,4800,2752,2076,4668,0,12912.72416216574,0808x2_q75.brbr,5,0,3,12734.510822515742,1597,13482.397864104321
0,,1600,2752,1761,3869,1,9244.886875275623,0808x2_q75.brbr,4,0,3,9358.040077911439,1175,9648.007054226115
0,,64,2752,1264,2181,2,5956.121835490834,0808x2_q75.brbr,1,0,3,6042.698993884026,761,6151.042500616129
4,,5541,8128,3448,5556,0,18152.223168859262,0808x2_q75.brbr,1,1,4,19861.55436810883,2512,22093.15024288372
4,,1267,8128,2186,2739,1,10159.220707357192,0808x2_q75.brbr,0,1,4,11308.260332232152,1442,12099.670345955867
4,,220,8128,848,904,2,4263.128215142061,0808x2_q75.brbr,0,1,4,5206.30747816816,680,5223.04715307756
4,,7199,32640,8944,12061,0,40285.9768414364,0808x2_q75.brbr,0,2,4,42050.5013357563,5285,53095.41330106829
4,48,248,26624,1688,1786,1,9232.286128039595,0808x2_q75.brbr,0,2,4,10116.598487537232,1294,11509.529703464292
4,144,3,8192,193,193,2,1333.5293837780653,0808x2_q75.brbr,0,2,4,1909.7669714387298,268,1620.4839084713603
4,352,2745,84800,9910,10745,0,48911.06826862021,0808x2_q75.brbr,0,3,4,48394.84548964817,6079,60704.2958473116
0,,4052,2752,2506,5244,0,12903.201445462353,0809x2_q30.brbr,4,0,3,13489.595116760614,1692,12945.764714032692
0,,64,2752,1724,2598,1,6650.955929434064,0809x2_q30.brbr,1,0,3,7234.863727116701,910,6795.100660735068
0,,64,2752,1120,1547,2,4444.9093854935,0809x2_q30.brbr,1,0,3,4936.934170974852,623,5167.231184040183
4,,3894,8128,5524,7083,0,21556.042107869358,0809x2_q30.brbr,0,1,4,23402.338919843947,2955,21698.593601507382
4,,9,8128,413,415,1,2664.40234786173,0809x2_q30.brbr,0,1,4,3287.4299040482733,440,2786.2915925389084
4,,6,8128,228,230,2,1604.7786473259682,0809x2_q30.brbr,0,1,4,2199.102256099322,304,1743.9063910456935
4,,1530,32640,7619,7990,0,34511.613883491475,0809x2_q30.brbr,0,2,4,35460.381012219565,4462,36307.98131030742
1,48,,768,4,4,1,49.70236757321959,0809x2_q30.brbr,0,2,12,117.60407786959921,20,55.53061162998918
2,48,,768,3,3,1,45.91727637904593,0809x2_q30.brbr,0,2,12,96.47331239749282,18,47.264431502753816
1,48,,336,2,2,2,30.23540988008314,0809x2_q30.brbr,0,2,12,68.91881230888843,14,31.655770423322906
4,528,39,35776,874,874,0,6389.939644032879,0809x2_q30.brbr,0,3,4,7163.169561643431,924,7246.967128156115
0,,7721,2752,2659,5585,0,16472.852933871272,0809x2_q75.brbr,5,0,3,17198.373600388517,2155,16504.071110347293
0,,768,2752,2212,5170,1,9899.261930979947,0809x2_q75.brbr,2,0,3,10609.545055151286,1332,10019.286559572147
0,,128,2752,1615,3612,2,7359.679994485255,0809x2_q75.brbr,2,0,3,8009.18864374886,1007,8012.110000064255
4,,9620,8128,6942,10953,0,31460.19832050053,0809x2_q75.brbr,1,1,4,33978.09910120973,4276,31520.663694971016
4,,729,8128,2479,2709,1,10567.694095344337,0809x2_q75.brbr,0,1,4,11932.681269821964,1522,11248.394696014995
4,,344,8128,1483,1591,2,6950.048758554518,0809x2_q75.brbr,0,1,4,8376.8737553627,1076,7835.892494914482
4,,10977,32640,19073,22743,0,73610.86395619964,0809x2_q75.brbr,0,2,4,75229.16200208502,9433,74843.41507203013
4,48,19,23552,524,529,1,3819.9215431448306,0809x2_q75.brbr,0,2,4,4514.339356295263,594,4216.3121166239225
4,96,4,16224,248,248,2,1900.9262648257477,0809x2_q75.brbr,0,2,4,2515.757002582864,343,2172.1253090484447
4,176,1458,107232,10552,10777,0,56079.51157937022,0809x2_q75.brbr,0,3,4,55783.87699295023,7002,62832.98876448635
0,,3064,3136,2652,5951,0,13281.76620988807,0810x2_q30.brbr,4,0,3,13689.615175330973,1717,13487.539428099919
0,,64,3136,1355,1722,1,5664.727851836464,0810x2_q30.brbr,1,0,3,6110.316895874088,769,5757.4763357611155
0,,64,3136,1068,1154,2,4215.8081222748515,0810x2_q30.brbr,1,0,3,4550.720941307798,574,4408.97901536733
4,,3107,9280,4318,5546,0,18135.395865710947,0810x2_q30.brbr,0,1,4,19687.392628206155,2490,20597.74633109817
4,12,6,6976,130,131,1,951.7516405493309,0810x2_q30.brbr,0,1,4,1381.9555449807124,203,1080.3985175130467
1,16,,1536,16,16,2,144.63931275777173,0810x2_q30.brbr,0,1,12,286.18070022317767,41,159.59282049145455
2,12,,1536,16,16,2,142.8259467757779,0810x2_q30.brbr,0,1,12,278.46452369965147,40,156.14106697727107
4,,1949,36992,7366,7804,0,31593.401801288637,0810x2_q30.brbr,0,2,4,33092.01746581211,4166,37570.847462492726
1,56,,512,2,2,1,24.21456488192235,0810x2_q30.brbr,0,2,12,64.50799448084018,14,31.327697720380982
4,624,60,50736,1917,1917,0,13203.293600353778,0810x2_q30.brbr,0,3,4,13685.348381460577,1740,14248.934784843314
0,,7077,3136,2935,6400,0,17252.186451330588,0810x2_q75.brbr,5,0,3,17864.319902868163,2238,17375.574244942
0,,128,3136,2126,4002,1,8898.49461918722,0810x2_q75.brbr,2,0,3,9483.538257055248,1191,9036.884289938498
0,,128,3136,1533,2107,2,6279.285480453402,0810x2_q75.brbr,2,0,3,6793.638701066947,855,6489.547810099476
4,,7741,9280,5991,9083,0,28709.530095455055,0810x2_q75.brbr,1,1,4,30363.619979498937,3825,30578.12472506427
4,,195,9280,1076,1146,1,5797.597769748696,0810x2_q75.brbr,0,1,4,6688.380543923675,865,6388.632451291094
4,,32,9280,392,405,2,2370.9364041361437,0810x2_q75.brbr,0,1,4,3031.2968399377414,408,2819.6542607491833
4,,10583,36992,14906,18766,0,61010.39691620145,0810x2_q75.brbr,0,2,4,63227.09498542754,7932,74235.94842465429
1,56,2,4352,53,54,1,411.42272587943444,0810x2_q75.brbr,0,2,12,696.8377934764092,93,522.4887850355755
2,48,,5120,57,57,1,473.9857333878558,0810x2_q75.brbr,0,2,12,766.4805646496096,101,555.061360407809
1,56,,1024,9,9,2,80.4733720535168,0810x2_q75.brbr,0,2,12,183.9841056494309,28,104.10639756382557
2,48,,1280,7,7,2,79.47935247650297,0810x2_q75.brbr,0,2,12,171.73337691352714,27,92.7089849952202
4,,3387,148224,16604,17085,0,76799.07596177906,0810x2_q75.brbr,0,3,4,76410.59344361229,9581,96357.20787109178
0,,3066,2752,2426,5242,0,12066.547653460053,0811x2_q30.brbr,3,0,3,12765.989234587994,1601,12119.851691254917
0,,64,2752,1669,3093,1,7297.268126750441,0811x2_q30.brbr,1,0,3,7667.723777099817,964,7439.942883284196
0,,,2752,865,948,2,3263.8541960786865,0811x2_q30.brbr,0,0,3,3557.9352306406436,450,3740.9908047453055
4,,3341,8128,4923,6220,0,19890.92714459028,0811x2_q30.brbr,0,1,4,21524.96911551711,2720,20397.06944968646
4,,141,8128,942,980,1,4881.929030434112,0811x2_q30.brbr,0,1,4,5877.106838760969,764,5441.854565472813
4,12,,5600,50,50,2,441.5552654305734,0811x2_q30.brbr,0,1,4,644.7026387271591,110,463.38624273178976
4,,1768,32640,7403,7892,0,33578.31695707707,0811x2_q30.brbr,0,2,4,34820.49946891816,4382,36385.24375146299
4,144,1,7072,73,74,1,714.7500798599372,0811x2_q30.brbr,0,2,4,1143.3659243136838,173,770.6273037307708
1,48,,256,1,1,2,16.350256752794348,0811x2_q30.brbr,0,2,12,36.49576001170815,10,16.45239760675777
1,176,3,19520,260,260,0,2234.8264545109946,0811x2_q30.brbr,0,3,12,2703.9254574108722,343,2423.631696680739
2,,60,43520,1100,1101,0,7203.341947225759,0811x2_q30.brbr,0,3,8,7756.806589070308,975,8530.541458389001
0,,7088,2752,2616,5495,0,15785.205873039959,0811x2_q75.brbr,5,0,3,16511.07305589422,2069,15893.932429616216
0,,1664,2752,2168,4662,1,10387.706287715984,0811x2_q75.brbr,2,0,3,11083.591728629457,1391,10467.538512501314
0,,64,2752,1367,2103,2,5629.188906642842,0811x2_q75.brbr,1,0,3,5904.935938016423,744,6107.883468690845
4,,8423,8128,6485,10084,0,29689.393652381787,0811x2_q75.brbr,1,1,4,31913.91965775903,4019,30004.638620818238
4,,1397,8128,2948,3486,1,12877.863498542414,0811x2_q75.brbr,0,1,4,14375.607165043486,1826,13968.745374452488
4,,131,8128,879,899,2,4414.26127903895,0811x2_q75.brbr,0,1,4,5289.74695346591,691,5073.868633712584
4,,10525,32640,17283,21152,0,70601.91813686052,0811x2_q75.brbr,0,2,4,72549.36223074302,9097,73682.47495345755
4,48,161,27040,1815,1836,1,10259.979309171596,0811x2_q75.brbr,0,2,4,11026.527735655925,1407,11666.792258845402
1,48,,4416,50,50,2,452.9103229612689,0811x2_q75.brbr,0,2,12,648.4154963015443,87,473.7074218451484
2,48,,2896,22,22,2,226.70630267564306,0811x2_q75.brbr,0,2,12,395.6751457651412,55,246.92134589980117
4,,2176,130560,12482,12894,0,64104.30166565818,0811x2_q75.brbr,0,3,4,62599.99746339728,7855,75601.84998501156
0,,3169,3136,2401,5704,0,13102.079718112724,0812x2_q30.brbr,4,0,3,13288.231485302982,1666,13466.936805909641
0,,64,3136,1186,1572,1,5299.107003619316,0812x2_q30.brbr,1,0,3,5641.6102129630635,711,5467.717568651546
0,,,3136,387,433,2,1936.6338267507053,0812x2_q30.brbr,0,0,3,1962.9506086153142,251,2288.8043484427653
4,,3928,9280,4208,5846,0,19623.258288063687,0812x2_q30.brbr,1,1,4,20836.36456069156,2634,22119.739518963645
4,,24,9280,275,287,1,1780.8121709215632,0812x2_q30.brbr,0,1,4,2526.561150029169,346,2144.9094345365716
4,40,,2320,41,41,2,314.55386510011715,0812x2_q30.brbr,0,1,4,634.7922182903259,109,370.63400353195254
4,,2975,36992,7030,8146,0,32527.83498804985,0812x2_q30.brbr,0,2,4,32585.202113847008,4102,40282.97393400122
1,56,,1024,11,11,1,77.24366402624935,0812x2_q30.brbr,0,2,12,182.17776644309203,28,113.35383057746246
2,48,,1024,4,4,1,52.077979792703694,0812x2_q30.brbr,0,2,12,133.66671773338444,22,61.62270321853933
4,208,725,102144,4262,4265,0,19105.73376968976,0812x2_q30.brbr,0,3,4,18540.36025458077,2347,29994.531686789458
0,,7069,3136,2719,6200,0,17033.020828580502,0812x2_q75.brbr,5,0,3,17245.217207368383,2161,17488.44436988631
0,,128,3136,1797,3479,1,8097.667010980491,0812x2_q75.brbr,2,0,3,8613.003962466653,1082,8404.003658772188
0,,64,3136,917,1258,2,4309.613383755927,0812x2_q75.brbr,1,0,3,4361.064100432161,551,4724.330985921039
4,,9333,9280,5671,8873,0,29254.616605540843,0812x2_q75.brbr,2,1,4,30666.32004920554,3862,31952.935195613318
4,,390,9280,1358,1534,1,6840.95765222569,0812x2_q75.brbr,0,1,4,7986.019987376984,1027,8000.979321350333
4,12,58,7232,420,436,2,2242.696061205137,0812x2_q75.brbr,0,1,4,3039.299425524463,409,2864.7879577111185
4,,11294,36992,13516,18228,0,62236.60320528086,0812x2_q75.brbr,1,2,4,62199.641693195175,7805,73974.28036276189
4,48,24,26496,415,420,1,2788.0068779664225,0812x2_q75.brbr,0,2,4,3596.377536154967,478,3577.9049038988287
1,56,,1280,10,10,2,95.5487881240538,0812x2_q75.brbr,0,2,12,192.1249849994051,30,113.36894645548492
2,48,,1792,25,25,2,162.4152929708621,0812x2_q75.brbr,0,2,12,317.81647810511225,45,234.52690235703656
4,,5803,148224,15605,16643,0,70997.26357640726,0812x2_q75.brbr,0,3,4,65510.191602162064,8218,98298.38508402933
0,,4710,2944,2387,5277,0,13975.704740219719,0813x2_q30.brbr,4,0,3,14436.017289476957,1810,14211.42786673829
0,,353,2944,1505,3322,1,7553.601956666185,0813x2_q30.brbr,1,0,3,7975.810983529668,1002,8043.902807798016
0,,64,2944,1062,1579,2,4539.062957787068,0813x2_q30.brbr,1,0,3,4990.12796078762,629,5300.4144050028335
4,,4014,8832,4347,6324,0,20456.42468852503,0813x2_q30.brbr,1,1,4,22280.97367571307,2814,22596.311099798775
4,,345,8832,950,1137,1,5295.3048318926085,0813x2_q30.brbr,0,1,4,6674.448497460425,863,6336.6287011464165
4,,54,8832,316,330,2,1925.5124397745642,0813x2_q30.brbr,0,1,4,2766.6116078162872,375,2397.123309657676
4,,2517,35328,6510,7529,0,30626.005946693724,0813x2_q30.brbr,0,2,4,32397.325827808527,4079,37247.79443308743
4,48,65,26240,523,535,1,2857.8912194007266,0813x2_q30.brbr,0,2,4,3841.095714251126,509,4356.300745711083
1,48,,2816,33,33,2,254.71713100307056,0813x2_q30.brbr,0,2,12,453.30330301407054,62,324.19637771181124
2,48,,1792,19,19,2,149.84285408168893,0813x2_q30.brbr,0,2,12,293.6804093680141,42,199.3184524597123
4,192,153,98816,2464,2469,0,14496.544451602635,0813x2_q30.brbr,0,3,4,15902.943051083126,2017,19248.6477541044
0,,8497,2944,2619,5699,0,17779.63608979823,0813x2_q75.brbr,5,0,3,18252.025891356632,2287,18052.242642118545
0,,2342,2944,1958,4691,1,10857.392571112505,0813x2_q75.brbr,2,0,3,11349.602042279894,1424,11371.871041844017
0,,256,2944,1427,3153,2,7212.967468514794,0813x2_q75.brbr,1,0,3,7565.195174033975,951,7706.4041736697955
4,,9770,8832,5606,9167,0,29699.920201707606,0813x2_q75.brbr,2,1,4,31718.500609297324,3994,32153.343852667516
4,,1539,8832,2281,3133,1,11724.93688945584,0813x2_q75.brbr,1,1,4,13612.7310673852,1730,13589.66990789529
4,,386,8832,1019,1235,2,5652.416044966666,0813x2_q75.brbr,0,1,4,7139.328186918208,921,6736.991149492843
4,,9851,35328,12602,17336,0,59149.83058948124,0813x2_q75.brbr,1,2,4,61485.375643717925,7714,69534.03286585477
4,,574,35328,1867,2120,1,10133.191035772656,0813x2_q75.brbr,0,2,4,11413.811871338119,1456,14024.198470218216
4,96,57,20032,541,557,2,3026.494806873554,0813x2_q75.brbr,0,2,4,4004.0648635590533,530,4350.456067780758
4,,3077,140800,11018,11834,0,53988.372585039644,0813x2_q75.brbr,0,3,4,54854.55215029544,6885,73400.62283861943
0,,1600,2752,1306,2717,0,8013.0873631230015,0814x2_q30.brbr,4,0,3,7392.923825687488,930,8229.845228435217
0,,64,2752,887,1451,1,4620.692517761423,0814x2_q30.brbr,1,0,3,4673.641403920023,590,4781.239377411191
0,,,2752,456,531,2,2068.068306210222,0814x2_q30.brbr,0,0,3,2370.640421062265,302,2550.452638636811
4,,1999,8128,2008,2860,0,9589.13941517003,0814x2_q30.brbr,1,1,4,10979.705846971481,1402,12961.47477248872
4,,69,8128,481,504,1,2765.0296308586126,0814x2_q30.brbr,0,1,4,3314.076011062161,443,3274.0877822980538
4,36,,2880,40,41,2,356.995056222671,0814x2_q30.brbr,0,1,4,697.0619132226179,116,384.20268238611453
4,96,1712,20864,3897,4574,0,17597.424451000916,0814x2_q30.brbr,0,2,4,19136.455591145368,2421,22670.449650208368
4,144,2,7760,146,146,1,1166.0893436643046,0814x2_q30.brbr,0,2,4,1706.5442135919495,243,1299.5448226859028
2,48,,512,2,2,2,32.571876824003496,0814x2_q30.brbr,0,2,12,70.97715501533312,14,32.87409725797536
4,528,233,34112,2428,2440,0,13168.730088285623,0814x2_q30.brbr,0,3,4,13817.397664261433,1757,15599.528876712919
0,,3343,2752,1679,3545,0,10601.353408642966,0814x2_q75.brbr,5,0,3,9966.852440266292,1251,11004.22514377646
0,,768,2752,1228,2431,1,6848.771459353557,0814x2_q75.brbr,2,0,3,6664.4312712907895,838,7071.908195314293
0,,,2752,863,1262,2,4044.6369939900715,0814x2_q75.brbr,0,0,3,4220.97751591914,533,4467.499732410728
4,,4627,8128,2620,4129,0,13983.53230633555,0814x2_q75.brbr,2,1,4,15398.278968143048,1954,18369.05898469598
4,,678,8128,1380,1684,1,6549.175990340404,0814x2_q75.brbr,0,1,4,7566.195326035866,975,8437.653787096346
4,,53,8128,409,433,2,2354.280645475202,0814x2_q75.brbr,0,1,4,3163.9107156668883,426,2912.767322877899
4,,6157,32640,6742,9478,0,31110.036678877354,0814x2_q75.brbr,1,2,4,32674.4208796596,4114,44664.61914265127
4,144,181,14832,1278,1336,1,6809.88685513306,0814x2_q75.brbr,0,2,4,8020.785176116404,1032,8129.181265126642
4,144,2,6816,87,88,2,710.6477196224848,0814x2_q75.brbr,0,2,4,1276.3378906793412,190,869.1176198696876
4,528,3180,51520,9289,10157,0,42356.04198706636,0814x2_q75.brbr,0,3,4,42015.511630191024,5281,51605.153089597385
0,,4828,2752,2542,5342,0,13673.73798658187,0815x2_q30.brbr,4,0,3,14375.843682890863,1802,13713.566833123037
0,,64,2752,2022,3856,1,8094.99906044174,0815x2_q30.brbr,1,0,3,8826.545411013649,1109,8229.2399974925
0,,,2752,1639,2517,2,6395.701952480119,0815x2_q30.brbr,0,0,3,6794.472699198183,855,6666.422943303333
4,,3963,8128,5117,6778,0,21326.0174167693,0815x2_q30.brbr,0,1,4,22908.172375730417,2893,21891.18451578774
4,,189,8128,1176,1228,1,5991.435876957747,0815x2_q30.brbr,0,1,4,7237.449649849996,934,6462.269062101041
4,,80,8128,575,591,2,3228.7253662293774,0815x2_q30.brbr,0,1,4,4142.875912676123,547,3724.97906258817
4,,1747,32640,5671,6224,0,26883.998460072824,0815x2_q30.brbr,0,2,4,28058.582259622828,3536,31453.551438700128
4,48,6,22864,243,244,1,1872.2405096325347,0815x2_q30.brbr,0,2,4,2621.151374076493,357,2221.143438119165
4,144,2,4752,97,97,2,701.0576028260199,0815x2_q30.brbr,0,2,4,1104.681170089664,168,841.1320344966997
4,528,93,33088,1062,1063,0,6701.771065544771,0815x2_q30.brbr,0,3,4,7620.1065698674975,983,8293.193388809415
0,,8550,2752,2658,5671,0,17341.369459792506,0815x2_q75.brbr,5,0,3,18093.736223877637,2267,17393.937511153257
0,,2492,2752,2428,5236,1,11393.113494367772,0815x2_q75.brbr,2,0,3,12305.302986564702,1544,11524.526003597726
0,,887,2752,2167,4475,2,9423.517859312824,0815x2_q75.brbr,1,0,3,10100.49712188975,1268,9561.660411141882
4,,9465,8128,6644,10497,0,31094.867271045823,0815x2_q75.brbr,1,1,4,33335.99325746473,4196,31370.040983899526
4,,1719,8128,3637,4322,1,15271.417372943077,0815x2_q75.brbr,0,1,4,17072.701002075828,2164,15864.342911253834
4,,869,8128,2175,2460,2,9923.445778869553,0815x2_q75.brbr,0,1,4,11387.817967139064,1452,10975.08854679191
4,,8572,32640,13769,16992,0,59848.365471819685,0815x2_q75.brbr,0,2,4,61238.5821140917,7684,65418.16604951072
4,,277,32640,2155,2260,1,12103.587683582558,0815x2_q75.brbr,0,2,4,13197.864241655932,1679,14376.879946303638
4,48,152,25152,999,1028,2,5722.67626893909,0815x2_q75.brbr,0,2,4,6861.356817511727,887,7379.570262935206
4,176,1636,102336,6857,7185,0,35540.12418428309,0815x2_q75.brbr,0,3,4,36207.53481375054,4555,46355.33252876287
0,,2816,2752,2169,4625,0,11460.100061448362,0816x2_q30.brbr,4,0,3,11814.815328838858,1482,11546.322919842916
0,,,2752,1168,1392,1,4652.845348399271,0816x2_q30.brbr,0,0,3,5084.264653175221,641,4760.232343975239
0,,,2752,98,98,2,421.3895863683831,0816x2_q30.brbr,0,0,3,646.692609871363,86,704.0855054680733
4,,2592,8128,3682,4916,0,16676.69678194616,0816x2_q30.brbr,0,1,4,18041.08117861851,2284,18081.554707110252
1,,4,2752,72,73,1,468.13671463297425,0816x2_q30.brbr,0,1,8,706.6383310420111,94,559.7667027571529
2,,3,2688,93,93,1,571.511588477484,0816x2_q30.brbr,0,1,8,832.2262837853395,109,675.5368619106475
4,,1072,32640,4831,5214,0,23559.696923562202,0816x2_q30.brbr,0,2,4,24576.02290906138,3101,27280.336742148695
4,352,55,63232,980,987,0,6707.534141948257,0816x2_q30.brbr,0,3,4,7799.2249479467955,1005,8595.528873681187
0,,6400,2752,2464,5027,0,14903.707063469275,0816x2_q75.brbr,6,0,3,15427.661744076306,1934,15045.789481789909
0,,64,2752,1623,2925,1,7212.164833090721,0816x2_q75.brbr,1,0,3,7617.872752438279,958,7271.295852225589
0,,,2752,793,795,2,2906.6866203558984,0816x2_q75.brbr,0,0,3,3171.969074816249,402,3193.8890534213224
4,,6683,8128,5034,7980,0,25072.759018059263,0816x2_q75.brbr,1,1,4,26869.768583801906,3388,26758.279396174847
4,,215,8128,1131,1197,1,5673.405124912384,0816x2_q75.brbr,0,1,4,6510.896040309499,843,6370.504684550975
1,12,,256,3,3,2,21.819548900240342,0816x2_q75.brbr,0,1,12,62.65137422520231,13,28.513540303819674
2,12,,512,2,2,2,23.931357410829303,0816x2_q75.brbr,0,1,12,77.20984741280613,15,26.680016261762702
4,,6704,32640,11579,14497,0,50843.11001539545,0816x2_q75.brbr,0,2,4,52419.73367040284,6582,58466.56245616509
1,48,1,5120,39,39,1,361.8445885128766,0816x2_q75.brbr,0,2,12,625.109531233178,84,414.996706549936
2,,2,10880,77,77,1,504.2729564085321,0816x2_q75.brbr,0,2,8,815.9294437015664,107,733.4898748006867
2,48,,256,1,1,2,16.350256752794348,0816x2_q75.brbr,0,2,12,48.44556266530426,12,16.45239760675777
4,,1495,130560,8291,8544,0,43414.866192969166,0816x2_q75.brbr,0,3,4,43114.8967182969,5419,55369.59285969818
