image,q,luma_detail,base_luma,base_chroma,chroma_detail,other_detail,dir,total
01,30,10353,1429,973,0,379,192,13390
01,50,14410,1694,1135,339,235,176,18053
01,75,24962,1886,1526,1153,371,192,30154
02,30,3466,1031,1231,515,277,176,6760
02,50,5057,1253,1453,986,251,176,9240
02,75,9976,1449,1960,2670,103,176,16398
03,30,3810,1288,1287,673,150,192,7464
03,50,5307,1532,1435,1095,78,176,9687
03,75,9639,1725,1886,2219,0,160,15693
04,30,4647,1301,1293,858,76,160,8399
04,50,6523,1537,1487,1223,199,176,11209
04,75,12015,1748,1974,2184,788,192,18965
05,30,13896,1914,1796,1298,198,192,19358
05,50,18587,2164,2036,2126,123,176,25276
05,75,29789,2364,2611,4478,0,160,39466
06,30,7649,1253,914,271,100,160,10411
06,50,10577,1487,1064,552,59,160,13963
06,75,18361,1694,1516,1579,75,176,23465
07,30,6334,1488,1411,824,60,160,10341
07,50,8439,1745,1642,1186,159,176,13411
07,75,13992,1932,2146,2767,219,176,21296
08,30,13258,1714,1292,589,219,176,17312
08,50,17617,1976,1493,1115,165,160,22590
08,75,27734,2181,2020,3006,139,176,35320
0801x2,30,12307,1886,1048,309,106,192,15912
0801x2,50,16851,2144,1251,649,116,176,21251
0801x2,75,28135,2354,1725,2116,48,176,34618
0802x2,30,5590,1971,2809,3022,597,192,14245
0802x2,50,8340,2221,3089,4121,369,176,18380
0802x2,75,14214,2423,3695,8399,0,160,28955
0803x2,30,5417,1781,2531,2528,0,160,12481
0803x2,50,7069,2075,2822,3536,0,160,15726
0803x2,75,11298,2311,3464,6403,0,160,23700
0804x2,30,10200,1550,1510,2456,83,176,16039
0804x2,50,13850,1768,1743,3448,0,160,21033
0804x2,75,22270,1951,2170,5960,0,160,32575
0805x2,30,10100,2033,1363,259,0,112,13931
0805x2,50,14213,2329,1573,464,53,160,18856
0805x2,75,24725,2553,2073,1755,239,160,31569
0806x2,30,6567,1568,1280,1080,20,176,10755
0806x2,50,8954,1814,1491,1626,48,176,14173
0806x2,75,14988,2008,1987,3558,0,160,22765
0807x2,30,10554,1455,1889,2610,227,176,16975
0807x2,50,14837,1668,2111,4203,0,160,23043
0807x2,75,25081,1839,2613,8300,0,160,38057
0808x2,30,6214,1228,1285,1171,0,144,10106
0808x2,50,8420,1433,1453,1728,43,176,13317
0808x2,75,13876,1597,1936,3684,0,160,21317
0809x2,30,8341,1692,1533,744,52,176,12602
0809x2,50,11685,1956,1770,1216,159,192,17042
0809x2,75,20711,2155,2339,3535,0,160,28964
0810x2,30,8396,1717,1343,203,95,160,11978
0810x2,50,12238,2007,1573,481,29,160,16552
0810x2,75,21338,2238,2046,1273,249,192,27400
0811x2,30,7102,1601,1414,1047,1328,176,12732
0811x2,50,11895,1854,1648,1663,12,160,17296
0811x2,75,20971,2069,2135,3924,142,176,29481
0812x2,30,9083,1666,962,455,50,160,12440
0812x2,50,12121,1940,1109,668,147,176,16225
0812x2,75,19885,2161,1633,1914,75,176,25908
0813x2,30,8910,1810,1631,1747,104,176,14442
0813x2,50,11673,2068,1819,2552,0,160,18336
0813x2,75,18593,2287,2375,4637,0,160,28116
0814x2,30,5580,930,892,802,14,160,8442
0814x2,50,7331,1066,986,1160,38,176,10821
0814x2,75,11349,1251,1371,2623,0,160,16818
0815x2,30,7412,1802,1964,2006,0,160,13408
0815x2,50,10044,2061,2219,2989,0,160,17537
0815x2,75,16435,2267,2812,6182,0,160,27920
0816x2,30,6390,1482,727,0,203,128,8994
0816x2,50,8876,1725,928,354,14,128,12089
0816x2,75,15389,1934,1360,843,231,192,20013
0817x2,30,8893,1812,2360,3888,297,176,17490
0817x2,50,12017,2101,2660,5887,0,160,22889
0817x2,75,20033,2339,3305,10547,0,160,36448
0818x2,30,10568,1800,1624,1643,96,176,15971
0818x2,50,14051,2064,1914,2659,0,160,20912
0818x2,75,22264,2292,2485,5796,0,160,33061
0819x2,30,11010,1793,1674,1327,47,176,16091
0819x2,50,15255,2045,1922,2198,0,160,21644
0819x2,75,26050,2244,2521,5342,0,160,36381
0820x2,30,17016,1819,1112,591,140,160,20902
0820x2,50,22015,2074,1349,882,294,192,26870
0820x2,75,33464,2283,1761,2821,0,160,40553
0821x2,30,20518,2165,2367,3489,71,176,28850
0821x2,50,25549,2428,2619,4992,0,160,35812
0821x2,75,37201,2632,3158,9057,0,160,52272
0822x2,30,13988,2176,2151,1915,54,176,20524
0822x2,50,19114,2483,2442,2980,138,176,27397
0822x2,75,31591,2717,3153,7023,0,160,44708
0823x2,30,8985,1388,1194,1322,10,160,13123
0823x2,50,11886,1598,1402,1923,50,176,17099
0823x2,75,18606,1769,1874,3971,0,160,26444
0824x2,30,8509,1630,1067,871,32,160,12333
0824x2,50,11042,1879,1217,1220,80,176,15678
0824x2,75,17212,2077,1765,2667,56,176,24017
0825x2,30,12448,1811,1575,2051,0,160,18109
0825x2,50,16404,2062,1811,2993,0,160,23494
0825x2,75,25754,2271,2360,5713,0,160,36322
0826x2,30,9890,1590,1566,2244,90,176,15620
0826x2,50,13440,1860,1807,3434,0,160,20765
0826x2,75,21925,2063,2346,6344,0,160,32902
0827x2,30,4173,1319,811,299,125,176,6967
0827x2,50,5688,1590,1016,671,15,160,9204
0827x2,75,10306,1815,1583,1582,69,176,15595
0828x2,30,17493,1781,1797,2983,0,144,24262
0828x2,50,22141,2047,2048,4340,42,176,30858
0828x2,75,32169,2244,2635,8265,0,160,45537
0829x2,30,6398,1580,1967,1629,75,176,11889
0829x2,50,8642,1825,2235,2245,229,176,15416
0829x2,75,14785,2026,2777,4917,0,160,24729
0830x2,30,8706,2939,1791,472,82,128,14182
0830x2,50,11165,3503,2120,735,147,128,17862
0830x2,75,17085,3986,2938,2142,0,112,26327
0831x2,30,10495,1819,1642,1272,276,192,15760
0831x2,50,13895,2076,1874,2241,100,176,20426
0831x2,75,22292,2263,2428,4921,0,160,32128
0832x2,30,11346,1859,1563,1448,14,160,16454
0832x2,50,14973,2111,1765,2067,79,176,21235
0832x2,75,23483,2314,2349,4512,0,160,32882
0833x2,30,5259,1318,1034,1015,70,176,8936
0833x2,50,6827,1543,1175,1544,0,160,11313
0833x2,75,10650,1731,1567,2747,0,160,16919
0834x2,30,8421,1566,1345,956,28,176,12556
0834x2,50,11579,1822,1559,1481,51,176,16732
0834x2,75,19395,2010,2062,3628,0,160,27319
0835x2,30,13798,2008,1258,537,65,176,17906
0835x2,50,19553,2317,1469,1131,44,176,24754
0835x2,75,33411,2558,2064,3387,0,160,41644
0836x2,30,10303,1681,1768,2264,86,176,16342
0836x2,50,13525,1963,2011,3143,176,176,21058
0836x2,75,21339,2168,2557,6192,0,160,32480
0837x2,30,13919,1918,1832,1935,46,160,19874
0837x2,50,18496,2162,2086,2913,130,176,26027
0837x2,75,28980,2371,2683,6511,0,160,40769
0838x2,30,2777,1536,1387,381,197,160,6502
0838x2,50,4063,1773,1607,569,47,160,8283
0838x2,75,7265,1974,2062,1583,35,176,13159
0839x2,30,6745,1200,777,360,51,128,9325
0839x2,50,9314,1380,914,557,120,144,12493
0839x2,75,15969,1519,1215,1814,0,144,20725
0840x2,30,11365,1862,1269,305,0,128,14993
0840x2,50,15676,2124,1419,568,34,176,20061
0840x2,75,26264,2328,1902,1825,172,176,32731
0841x2,30,8427,1491,1120,874,0,144,12120
0841x2,50,11490,1748,1300,1311,26,176,16115
0841x2,75,18844,1949,1767,3029,105,176,25934
0842x2,30,7238,1713,958,166,24,144,10307
0842x2,50,9931,1975,1134,292,52,160,13608
0842x2,75,16687,2169,1514,1126,0,144,21704
0843x2,30,2216,663,393,294,11,144,3785
0843x2,50,2757,748,449,395,18,144,4575
0843x2,75,4041,798,593,904,25,176,6601
0844x2,30,3126,1195,1355,980,26,176,6922
0844x2,50,4049,1426,1395,1361,83,176,8554
0844x2,75,6655,1624,1736,2725,0,160,12964
0845x2,30,11940,1477,516,0,133,144,14274
0845x2,50,15639,1717,633,271,62,160,18546
0845x2,75,24023,1895,1056,709,440,176,28363
0846x2,30,10939,1487,549,177,60,176,13452
0846x2,50,14184,1716,685,407,13,160,17229
0846x2,75,21742,1886,950,1138,22,160,25962
0847x2,30,11508,1822,1410,1859,0,160,16823
0847x2,50,15111,2076,1610,2629,0,160,21650
0847x2,75,24053,2260,2155,4786,0,160,33478
0848x2,30,10994,2188,2313,2582,116,176,18433
0848x2,50,14466,2486,2595,3774,0,160,23545
0848x2,75,23036,2714,3254,6794,0,160,36022
0849x2,30,22522,2137,1993,2737,0,144,29597
0849x2,50,29180,2393,2274,4266,19,160,38356
0849x2,75,43618,2588,2853,9102,0,160,58385
0850x2,30,8213,1635,1263,1426,77,176,12854
0850x2,50,11126,1888,1452,1972,128,176,16806
0850x2,75,18297,2073,2004,3955,0,160,26553
0851x2,30,7004,1347,1586,2119,13,160,12293
0851x2,50,9012,1555,1842,2809,87,176,15545
0851x2,75,13699,1738,2241,5131,0,160,23033
0852x2,30,3786,1075,1122,652,98,192,6989
0852x2,50,5497,1278,1296,1144,105,176,9560
0852x2,75,10496,1461,1727,3156,0,160,17064
0853x2,30,5322,1181,1605,2567,0,160,10899
0853x2,50,7026,1383,1825,3552,0,160,14010
0853x2,75,11392,1554,2238,6142,0,160,21550
0854x2,30,9519,1226,892,456,147,176,12480
0854x2,50,12663,1416,990,928,58,176,16295
0854x2,75,19909,1558,1374,2301,48,176,25430
0855x2,30,9278,2183,1080,294,0,112,13011
0855x2,50,12618,2545,1304,480,46,144,17201
0855x2,75,21564,2844,1822,1587,0,144,28025
0856x2,30,8872,1380,1941,3793,37,176,16263
0856x2,50,12872,1649,2207,5690,0,160,22642
0856x2,75,23079,1843,2762,10885,0,160,38793
0857x2,30,3047,1511,1256,574,30,176,6658
0857x2,50,3952,1774,1419,868,73,176,8326
0857x2,75,6447,1991,1951,2116,0,160,12729
0858x2,30,8911,1687,1683,1465,10,160,13980
0858x2,50,12352,1938,1916,2333,39,176,18818
0858x2,75,21760,2135,2522,5555,0,160,32196
0859x2,30,12066,1744,1075,364,59,176,15548
0859x2,50,16789,2004,1299,701,77,160,21094
0859x2,75,28209,2204,1684,2320,0,160,34641
0860x2,30,19639,2170,2190,1888,42,176,26169
0860x2,50,27086,2461,2521,2896,171,176,35375
0860x2,75,43649,2700,3213,7383,0,160,57169
0861x2,30,12869,1681,983,675,71,176,16519
0861x2,50,17370,1933,1148,1181,19,160,21875
0861x2,75,27867,2128,1647,3037,0,160,34903
0862x2,30,2627,1070,754,221,194,160,5090
0862x2,50,3976,1280,950,409,0,128,6807
0862x2,75,7419,1468,1354,929,0,128,11362
0863x2,30,5116,1624,1520,1106,638,160,10228
0863x2,50,7672,1850,1645,1610,29,176,13046
0863x2,75,12764,2061,2009,3150,157,176,20381
0864x2,30,6282,1585,690,164,800,144,9729
0864x2,50,10211,1851,803,248,37,144,13358
0864x2,75,18267,2051,1301,785,162,160,22790
0865x2,30,7923,1790,1008,355,104,176,11420
0865x2,50,11012,2077,1201,605,152,160,15271
0865x2,75,19005,2310,1686,1772,25,160,25022
0866x2,30,11232,1876,1505,1001,0,144,15822
0866x2,50,15473,2141,1680,1600,25,176,21159
0866x2,75,25749,2335,2242,4088,0,160,34638
0867x2,30,9590,1609,1835,2596,121,176,15991
0867x2,50,13117,1869,2101,3588,268,176,21183
0867x2,75,21281,2073,2645,7168,0,160,33391
0868x2,30,4382,860,472,520,23,160,6481
0868x2,50,5465,907,542,664,38,160,7840
0868x2,75,8075,1040,739,1300,34,176,11428
0869x2,30,9034,1550,892,304,46,160,12050
0869x2,50,12498,1783,1041,473,118,176,16153
0869x2,75,20519,1974,1483,1566,10,160,25776
0870x2,30,15212,2125,2533,2901,185,176,23196
0870x2,50,20679,2425,2862,4729,0,160,30919
0870x2,75,33663,2657,3592,10119,0,160,50255
0871x2,30,8942,1790,1767,1906,55,176,14700
0871x2,50,12022,2055,2037,2728,138,176,19220
0871x2,75,19805,2269,2581,5770,0,160,30649
0872x2,30,14382,1968,1710,1847,30,160,20161
0872x2,50,19385,2210,1925,2815,0,144,26543
0872x2,75,31486,2416,2489,5750,0,160,42365
0873x2,30,11249,1525,1459,1760,11,160,16228
0873x2,50,15391,1760,1640,2652,72,176,21755
0873x2,75,25096,1931,2104,5612,0,160,34967
0874x2,30,6877,1482,641,179,51,176,9470
0874x2,50,9489,1727,784,355,58,176,12653
0874x2,75,16687,1930,1206,1133,31,176,21227
0875x2,30,14709,2140,2315,2635,15,160,22038
0875x2,50,20012,2442,2603,4005,106,176,29408
0875x2,75,32908,2673,3266,8501,0,160,47572
0876x2,30,11224,1767,1630,796,141,192,15814
0876x2,50,16083,2026,1895,1583,71,176,21898
0876x2,75,27994,2233,2409,4166,0,160,37026
0877x2,30,4377,1386,1361,822,0,144,8154
0877x2,50,5899,1600,1555,1322,44,176,10660
0877x2,75,9907,1776,2109,3274,0,160,17290
0878x2,30,12724,2257,1036,592,0,128,16801
0878x2,50,17061,2592,1203,1007,0,128,22055
0878x2,75,27792,2856,1772,2413,22,144,35063
0879x2,30,10081,1666,1193,1209,0,144,14357
0879x2,50,13118,1964,1406,1673,14,160,18399
0879x2,75,20548,2188,1959,3125,77,176,28137
0880x2,30,6029,1362,755,214,28,144,8596
0880x2,50,8385,1575,855,330,71,160,11440
0880x2,75,13935,1770,1227,763,253,176,18188
0881x2,30,5962,1286,890,424,77,176,8879
0881x2,50,8306,1523,1079,793,22,176,11963
0881x2,75,14048,1701,1514,1864,0,160,19351
0882x2,30,7386,1890,2153,1541,94,176,13304
0882x2,50,9318,2147,2435,2149,174,176,16463
0882x2,75,14203,2344,3031,4554,0,160,24356
0883x2,30,12523,1788,1300,540,132,176,16523
0883x2,50,17417,2041,1529,1213,0,144,22408
0883x2,75,29423,2249,2070,3385,41,176,37408
0884x2,30,11371,1825,1561,1295,74,160,16350
0884x2,50,15482,2083,1777,2190,11,160,21767
0884x2,75,25388,2276,2342,4705,111,176,35062
0885x2,30,9013,1457,1408,954,830,160,13886
0885x2,50,12705,1713,1633,2464,217,160,18956
0885x2,75,21804,1919,2170,5327,265,176,31725
0886x2,30,4289,1517,1633,1521,18,160,9202
0886x2,50,5581,1774,1864,2048,96,176,11603
0886x2,75,8851,1965,2360,3875,0,160,17275
0887x2,30,8856,1438,1346,1066,228,176,13174
0887x2,50,11980,1659,1539,2027,89,176,17534
0887x2,75,20149,1850,2022,5059,0,160,29304
0888x2,30,11738,2000,1985,1598,354,192,17931
0888x2,50,15362,2254,2269,2994,0,160,23103
0888x2,75,23959,2451,2863,6012,0,160,35509
0889x2,30,14761,2036,2562,3642,0,160,23225
0889x2,50,19618,2293,2847,5281,0,160,30263
0889x2,75,30966,2490,3430,10165,0,160,47275
0890x2,30,6156,1109,1019,857,105,176,9486
0890x2,50,8771,1317,1268,1401,30,176,13027
0890x2,75,14890,1492,1615,3005,0,160,21226
0891x2,30,14007,2228,2315,3259,0,160,22033
0891x2,50,18607,2545,2604,4535,0,160,28515
0891x2,75,29458,2801,3264,8118,0,160,43865
0892x2,30,13261,1754,1573,1411,357,176,18596
0892x2,50,17045,1996,1826,2743,172,176,24022
0892x2,75,25799,2200,2379,6493,0,160,37095
0893x2,30,7063,1755,1502,1189,46,160,11779
0893x2,50,9212,2004,1646,1863,0,144,14933
0893x2,75,14413,2217,2268,3888,47,160,23057
0894x2,30,6732,1460,1078,1158,114,176,10782
0894x2,50,9212,1696,1254,1735,0,160,14121
0894x2,75,15767,1892,1698,3008,0,160,22589
0895x2,30,15076,1619,1323,1249,24,160,19515
0895x2,50,20758,1869,1539,2136,0,160,26526
0895x2,75,33682,2052,2076,5089,0,160,43123
0896x2,30,4789,1232,677,196,0,112,7070
0896x2,50,5937,1438,842,335,32,160,8808
0896x2,75,8653,1601,1284,953,17,160,12732
0897x2,30,21669,2114,2479,4498,94,176,31094
0897x2,50,29238,2376,2756,6579,496,176,41685
0897x2,75,45239,2555,3353,14141,0,160,65512
0898x2,30,4676,1012,1328,1713,68,176,9037
0898x2,50,6075,1194,1454,2443,0,160,11390
0898x2,75,9334,1353,1902,4100,0,160,16913
0899x2,30,11628,2002,2224,2494,57,176,18645
0899x2,50,14949,2254,2499,3500,197,176,23639
0899x2,75,23139,2454,3090,7477,0,160,36384
09,30,4550,1142,860,473,117,176,7382
09,50,6075,1362,967,610,197,192,9467
09,75,10056,1557,1528,1482,140,176,15003
0900x2,30,8895,1468,1723,2896,0,160,15206
0900x2,50,11670,1692,1933,4004,0,160,19523
0900x2,75,18367,1864,2433,7048,0,160,29936
10,30,5106,1268,964,441,58,160,8061
10,50,6796,1521,1141,640,130,192,10484
10,75,11612,1728,1595,1620,90,176,16885
11,30,6683,1251,1063,608,60,160,9889
11,50,9289,1501,1249,858,124,160,13245
11,75,16169,1693,1709,2233,121,176,22165
12,30,3775,1100,1000,466,30,144,6579
12,50,5287,1337,1109,623,100,176,8696
12,75,9815,1535,1515,1368,147,176,14620
13,30,14067,1642,1335,451,53,176,17788
13,50,19275,1900,1557,865,14,160,23835
13,75,32264,2097,2062,2578,0,160,39225
14,30,8878,1614,1576,1776,62,176,14146
14,50,12272,1869,1791,2357,161,176,18690
14,75,21331,2071,2251,4470,0,160,30347
15,30,4635,1346,1379,742,28,160,8354
15,50,6316,1581,1536,1049,145,176,10867
15,75,11180,1774,2045,2519,262,176,18020
16,30,4428,1148,891,163,0,112,6806
16,50,6496,1395,959,277,59,176,9426
16,75,11945,1598,1349,813,171,176,16116
17,30,5847,1511,839,205,55,176,8697
17,50,8083,1774,998,372,63,160,11514
17,75,13475,1972,1483,1169,53,176,18392
18,30,9173,1540,1471,781,65,160,13254
18,50,12707,1793,1734,1225,187,192,17902
18,75,21723,1997,2283,3511,0,160,29738
19,30,6194,1335,987,354,41,160,9135
19,50,8389,1603,1163,482,89,176,11966
19,75,14793,1807,1588,1455,61,176,19944
20,30,4769,1099,972,356,160,176,7596
20,50,6310,1278,1110,580,186,176,9704
20,75,10438,1456,1517,1587,48,176,15286
21,30,7441,1260,1124,385,75,160,10509
21,50,10063,1489,1254,670,62,160,13762
21,75,16757,1665,1702,1801,21,176,22186
22,30,6025,1342,1435,707,88,160,9821
22,50,8579,1587,1671,1235,28,176,13340
22,75,15643,1792,2202,2898,187,176,22962
23,30,3474,1314,1601,751,125,160,7489
23,50,4540,1562,1824,1024,234,176,9424
23,75,7663,1755,2356,2434,141,176,14589
24,30,9857,1593,1302,745,0,144,13705
24,50,13416,1847,1518,1223,0,144,18212
24,75,22465,2041,2019,3114,0,160,29863
4.1.01,30,2842,1862,1696,540,0,112,7116
4.1.01,50,3814,2221,2052,828,0,112,9091
4.1.01,75,7074,2516,2803,2177,0,112,14746
4.1.02,30,2950,1724,1407,340,69,128,6682
4.1.02,50,3938,2082,1688,686,0,112,8570
4.1.02,75,6833,2386,2383,1702,0,112,13480
4.1.03,30,1747,1198,681,0,132,144,3966
4.1.03,50,2241,1516,958,174,56,128,5137
4.1.03,75,3787,1778,1616,622,0,112,7979
4.1.04,30,2270,1666,1681,274,159,128,6242
4.1.04,50,3072,2028,1919,688,0,112,7883
4.1.04,75,5837,2315,2595,1533,0,112,12456
4.1.05,30,2702,1609,1564,345,152,128,6564
4.1.05,50,3850,1944,1789,759,0,112,8518
4.1.05,75,6944,2225,2545,1886,0,112,13776
4.1.06,30,6642,2362,2355,1000,0,112,12535
4.1.06,50,8811,2731,2687,1549,0,112,15954
4.1.06,75,13735,3037,3446,3442,0,112,23836
4.1.07,30,1087,1169,1500,707,469,128,5124
4.1.07,50,1983,1380,1676,978,0,112,6193
4.1.07,75,2973,1592,2228,1646,0,112,8615
4.1.08,30,2213,1506,1832,842,0,112,6569
4.1.08,50,2816,1781,2142,1184,0,112,8099
4.1.08,75,4348,2027,2690,2169,0,112,11410
4.2.01,30,3027,1573,1929,1048,318,176,8135
4.2.01,50,4382,1921,2218,1741,165,176,10667
4.2.01,75,8771,2224,2849,3876,0,160,17944
4.2.03,30,19843,2446,2845,3391,62,176,28827
4.2.03,50,27171,2826,3208,5719,0,160,39148
4.2.03,75,45629,3127,4060,13446,0,160,66486
4.2.05,30,6414,2077,1910,1154,140,192,11951
4.2.05,50,8578,2438,2216,1682,327,192,15497
4.2.05,75,14697,2738,2840,3947,559,176,25021
4.2.06,30,8540,2450,2789,2723,1346,192,18104
4.2.06,50,13453,2831,3156,4005,371,176,24056
4.2.06,75,23907,3127,3999,9217,0,160,40474
4.2.07,30,5219,2244,2927,1734,448,192,12828
4.2.07,50,7161,2611,3296,2763,409,176,16480
4.2.07,75,13499,2903,4124,6594,0,160,27344
5.1.09,30,4459,1909,0,0,0,48,6480
5.1.09,50,6585,2272,0,0,0,48,8969
5.1.09,75,12509,2581,0,0,0,48,15202
5.1.10,30,8805,2791,0,0,0,48,11708
5.1.10,50,11345,3179,0,0,0,48,14636
5.1.10,75,17282,3486,0,0,0,48,20880
5.1.11,30,1623,1356,0,0,0,48,3091
5.1.11,50,2083,1669,0,0,0,48,3864
5.1.11,75,3952,1943,0,0,0,48,6007
5.1.12,30,3184,1575,0,0,0,48,4871
5.1.12,50,3968,1896,0,0,0,48,5976
5.1.12,75,6551,2197,0,0,0,48,8860
5.1.13,30,5017,1570,0,0,0,48,6699
5.1.13,50,5909,1808,0,0,0,48,7829
5.1.13,75,7683,2010,0,0,0,48,9805
5.1.14,30,6449,2488,0,0,0,48,9049
5.1.14,50,8373,2871,0,0,0,48,11356
5.1.14,75,13342,3170,0,0,0,48,16624
5.2.08,30,7879,1984,0,0,0,64,9991
5.2.08,50,10806,2346,0,0,0,64,13280
5.2.08,75,18596,2643,0,0,0,64,21367
5.2.09,30,15378,2728,0,0,0,64,18234
5.2.09,50,20615,3105,0,0,0,64,23848
5.2.09,75,33533,3406,0,0,0,64,37067
5.2.10,30,15879,2511,0,0,0,64,18518
5.2.10,50,22402,2897,0,0,0,64,25427
5.2.10,75,39158,3200,0,0,0,64,42486
5.3.01,30,11664,2551,0,0,0,64,14343
5.3.01,50,15791,2927,0,0,0,64,18846
5.3.01,75,26967,3225,0,0,0,64,30320
5.3.02,30,12959,2185,0,0,0,64,15272
5.3.02,50,17984,2561,0,0,0,64,20673
5.3.02,75,30767,2868,0,0,0,64,33763
7.1.01,30,6308,2119,0,0,0,64,8555
7.1.01,50,9334,2508,0,0,0,64,11970
7.1.01,75,18184,2813,0,0,0,64,21125
7.1.02,30,3209,1400,0,0,0,64,4737
7.1.02,50,4389,1711,0,0,0,64,6228
7.1.02,75,8328,1993,0,0,0,64,10449
7.1.03,30,5538,1968,0,0,322,80,7972
7.1.03,50,8971,2351,0,0,0,64,11450
7.1.03,75,18913,2647,0,0,0,64,21688
7.1.04,30,5421,2127,0,0,0,64,7676
7.1.04,50,7991,2512,0,0,0,64,10631
7.1.04,75,15945,2822,0,0,0,64,18895
7.1.05,30,9611,2327,0,0,0,64,12066
7.1.05,50,14234,2710,0,0,0,64,17072
7.1.05,75,28034,3015,0,0,0,64,31177
7.1.06,30,9471,2341,0,0,0,64,11940
7.1.06,50,14057,2718,0,0,0,64,16903
7.1.06,75,27754,3033,0,0,0,64,30915
7.1.07,30,8315,2278,0,0,0,64,10721
7.1.07,50,12435,2672,0,0,0,64,15235
7.1.07,75,25059,2993,0,0,0,64,28180
7.1.08,30,4213,1699,0,0,0,64,6040
7.1.08,50,6535,2074,0,0,0,64,8737
7.1.08,75,14266,2378,0,0,0,64,16772
7.1.09,30,7897,2085,0,0,0,64,10110
7.1.09,50,11839,2473,0,0,0,64,14440
7.1.09,75,23378,2783,0,0,0,64,26289
7.1.10,30,5447,2161,0,0,0,64,7736
7.1.10,50,8164,2550,0,0,0,64,10842
7.1.10,75,16116,2847,0,0,0,64,19091
7.2.01,30,2001,1491,0,0,40,80,3676
7.2.01,50,3023,1835,0,0,101,80,5103
7.2.01,75,7765,2124,0,0,0,64,10017
boat.512,30,8438,2151,0,0,0,64,10717
boat.512,50,11418,2517,0,0,0,64,14063
boat.512,75,19976,2825,0,0,0,64,22929
gray21.512,30,0,119,0,0,341,80,604
gray21.512,50,274,145,0,0,157,64,704
gray21.512,75,351,163,0,0,324,80,982
house,30,8599,2083,2254,2103,128,176,15407
house,50,11985,2430,2530,3201,253,176,20639
house,75,20481,2712,3231,7439,0,160,34087
ruler.512,30,18757,2876,0,0,0,64,21761
ruler.512,50,21739,2941,0,0,0,64,24808
ruler.512,75,29415,3364,0,0,0,64,32907
