sample,threshold,bytes,setting,ms_ssim,profile
04,0.995,63417,"q=99,base=32,prof=lvl_fine_off+0",0.995016227888767,lvl_fine_off+0
04,0.985,24168,"q=83,base=64,prof=fine_lo+0",0.9850283897592004,fine_lo+0
04,0.97,12403,"q=61,base=64,prof=lvl_fine_off+2",0.9704793387893358,lvl_fine_off+2
06,0.985,27237,"q=84,base=64,prof=lvl_fine_off+4",0.9858815080682143,lvl_fine_off+4
05,0.97,16109,"q=13,base=64,prof=base+0",0.9701579087956622,base+0
05,0.985,26624,"q=56,base=64,prof=diag_hi+2",0.9850917025481919,diag_hi+2
06,0.97,16028,"q=59,base=64,prof=diag_hi+0",0.970076642172498,diag_hi+0
06,0.995,69342,"q=98,base=32,prof=base+0",0.9951687725902166,base+0
05,0.995,52096,"q=85,base=64,prof=base+0",0.9950025242748786,base+0
02,0.97,16870,"q=76,base=64,prof=base+0",0.9700330376991051,base+0
02,0.995,79987,"q=96,base=64,prof=base+0",0.9952230973669977,base+0
03,0.97,7793,"q=37,base=64,prof=diag_hi+2",0.9700601578584807,diag_hi+2
02,0.985,33411,"q=92,base=64,prof=base+0",0.9850732434577258,base+0
03,0.985,14870,"q=73,base=64,prof=base+0",0.9850349935803853,base+0
07,0.97,7936,"q=61,base=32,prof=lvl_fine_off2+0",0.970021445100453,lvl_fine_off2+0
03,0.995,45510,"q=95,base=64,prof=lvl_fine_off2+0",0.9955316591684252,lvl_fine_off2+0
07,0.985,14071,"q=53,base=64,prof=base+0",0.9852979877064708,base+0
01,0.995,49883,"q=90,base=64,prof=base+0",0.9951421358920997,base+0
01,0.985,25226,"q=67,base=64,prof=base+0",0.9850218928862349,base+0
07,0.995,30055,"q=87,base=64,prof=fine_lo+0",0.9950425865866296,fine_lo+0
01,0.97,15157,"q=40,base=64,prof=chroma_hi+0",0.9700231423148634,chroma_hi+0
08,0.97,12927,"q=1,base=64,prof=base+0",0.9703343348969738,base+0
08,0.985,22542,"q=52,base=64,prof=diag_hi+2",0.9853269201253182,diag_hi+2
08,0.995,44272,"q=84,base=64,prof=diag_hi+0",0.9950808928665255,diag_hi+0
09,0.97,6429,"q=67,base=32,prof=lvl_fine_off+2",0.9701776529749467,lvl_fine_off+2
09,0.985,11288,"q=62,base=64,prof=diag_hi+0",0.9852116651443433,diag_hi+0
09,0.995,44627,"q=95,base=64,prof=lvl_fine_off2+0",0.995195102129073,lvl_fine_off2+0
10,0.985,15274,"q=75,base=64,prof=lvl_fine_off+4",0.9852743407147978,lvl_fine_off+4
10,0.97,8112,"q=37,base=64,prof=lvl_fine_off+4",0.9701904704497953,lvl_fine_off+4
10,0.995,52388,"q=99,base=32,prof=lvl_fine_off+0",0.9950840366481771,lvl_fine_off+0
11,0.985,25747,"q=80,base=64,prof=diag_hi+0",0.9852104954283695,diag_hi+0
11,0.97,13949,"q=59,base=64,prof=lvl_fine_off+4",0.9703456371150209,lvl_fine_off+4
11,0.995,62970,"q=97,base=32,prof=base+0",0.9952103849849162,base+0
12,0.985,19242,"q=83,base=64,prof=base+0",0.9850131543464508,base+0
12,0.97,10489,"q=62,base=64,prof=diag_hi+0",0.9702813350121503,diag_hi+0
16,0.985,19430,"q=80,base=64,prof=chroma_hi+0",0.9851269386334819,chroma_hi+0
16,0.97,10915,"q=59,base=64,prof=diag_hi+0",0.9709176061521121,diag_hi+0
12,0.995,60248,"q=95,base=64,prof=base+0",0.9950922464611267,base+0
16,0.995,58217,"q=99,base=32,prof=base+0",0.9950944402571852,base+0
13,0.97,23233,"q=48,base=64,prof=base+0",0.9700185487250511,base+0
13,0.985,38596,"q=74,base=64,prof=base+0",0.9850987352534673,base+0
13,0.995,68797,"q=93,base=64,prof=diag_hi+0",0.995024459215168,diag_hi+0
15,0.985,19771,"q=77,base=64,prof=base+0",0.9851316482959218,base+0
15,0.97,9653,"q=80,base=32,prof=lvl_fine_off2+2",0.9700375959260169,lvl_fine_off2+2
15,0.995,54650,"q=95,base=64,prof=lvl_fine_off2+0",0.995245842225254,lvl_fine_off2+0
14,0.97,16554,"q=42,base=64,prof=base+0",0.9701554490309617,base+0
14,0.985,28336,"q=71,base=64,prof=base+0",0.9850017270234804,base+0
14,0.995,63249,"q=95,base=32,prof=lvl_fine_off+0",0.995776443736944,lvl_fine_off+0
17,0.97,7193,"q=68,base=32,prof=lvl_fine_off2+2",0.9701191360445479,lvl_fine_off2+2
18,0.97,18132,"q=51,base=64,prof=base+0",0.9701896617175741,base+0
17,0.995,32980,"q=91,base=64,prof=base+0",0.9950547679050188,base+0
17,0.985,12973,"q=63,base=64,prof=lvl_fine_off+4",0.9852945090244632,lvl_fine_off+4
18,0.985,30931,"q=77,base=64,prof=diag_hi+0",0.9851615717179737,diag_hi+0
18,0.995,71545,"q=95,base=32,prof=base+0",0.9950005755033006,base+0
19,0.97,11742,"q=48,base=64,prof=base+0",0.97029830584727,base+0
19,0.985,21319,"q=81,base=64,prof=lvl_fine_off+4",0.9852314584930318,lvl_fine_off+4
19,0.995,70268,"q=99,base=32,prof=base+0",0.995217881517601,base+0
20,0.97,5120,"q=57,base=32,prof=lvl_fine_off2+4",0.9705184086482249,lvl_fine_off2+4
21,0.985,18380,"q=68,base=64,prof=diag_hi+2",0.9850641610285811,diag_hi+2
20,0.985,10286,"q=60,base=64,prof=lvl_fine_off+4",0.9851901177570918,lvl_fine_off+4
20,0.995,44348,"q=97,base=32,prof=base+0",0.9951371660933246,base+0
21,0.97,9971,"q=71,base=32,prof=diag_hi+0",0.9703795778189238,diag_hi+0
23,0.97,6314,"q=21,base=64,prof=lvl_fine_off2+4",0.9702095139971986,lvl_fine_off2+4
21,0.995,60502,"q=95,base=64,prof=lvl_fine_off2+0",0.995434531476796,lvl_fine_off2+0
23,0.985,11114,"q=66,base=64,prof=lvl_fine_off2+4",0.9854780452457046,lvl_fine_off2+4
23,0.995,34109,"q=95,base=32,prof=base+0",0.9950115570830139,base+0
24,0.97,13783,"q=39,base=64,prof=lvl_fine_off+4",0.9701759040197983,lvl_fine_off+4
24,0.985,25258,"q=67,base=64,prof=base+0",0.9853305707290759,base+0
22,0.97,15864,"q=59,base=64,prof=base+0",0.970453546617566,base+0
24,0.995,50045,"q=91,base=64,prof=chroma_hi+0",0.9950151541815653,chroma_hi+0
22,0.985,28192,"q=81,base=64,prof=base+0",0.9850245076655001,base+0
22,0.995,70271,"q=97,base=32,prof=base+0",0.9950199870722268,base+0
0807x2,0.97,24189,"q=55,base=64,prof=diag_hi+2",0.9702139455610657,diag_hi+2
0807x2,0.985,48913,"q=85,base=64,prof=diag_hi+0",0.9851842107771128,diag_hi+0
0804x2,0.97,11319,"q=1,base=64,prof=diag_hi+0",0.9700747886049771,diag_hi+0
0807x2,0.995,92149,"q=97,base=32,prof=lvl_fine_off2+2",0.9954209238956412,lvl_fine_off2+2
0804x2,0.995,53142,"q=91,base=64,prof=fine_lo+0",0.9950709516745414,fine_lo+0
0804x2,0.985,20962,"q=52,base=64,prof=diag_hi+2",0.9852620979115064,diag_hi+2
0801x2,0.97,11545,"q=8,base=64,prof=lvl_fine_off+4",0.9700628869028524,lvl_fine_off+4
0801x2,0.985,20854,"q=51,base=64,prof=fine_lo+2",0.9850953803895215,fine_lo+2
0801x2,0.995,42298,"q=82,base=64,prof=chroma_hi+0",0.9950632679286892,chroma_hi+0
0802x2,0.97,10284,"q=56,base=32,prof=diag_hi+2",0.9701476481871113,diag_hi+2
0802x2,0.995,60086,"q=95,base=32,prof=lvl_fine_off2+0",0.9966931031330596,lvl_fine_off2+0
0802x2,0.985,18661,"q=53,base=64,prof=diag_hi+0",0.9852197552207995,diag_hi+0
0806x2,0.97,7431,"q=5,base=64,prof=lvl_fine_off2+4",0.9706365224049577,lvl_fine_off2+4
0806x2,0.985,14437,"q=53,base=64,prof=diag_hi+0",0.9850148510717963,diag_hi+0
0806x2,0.995,38287,"q=91,base=64,prof=diag_hi+0",0.9951528791853747,diag_hi+0
0808x2,0.97,6726,"q=57,base=32,prof=lvl_fine_off2+4",0.9702467749151215,lvl_fine_off2+4
0808x2,0.985,13740,"q=85,base=32,prof=lvl_fine_off+2",0.9850718885793247,lvl_fine_off+2
0808x2,0.995,48804,"q=95,base=32,prof=lvl_fine_off+0",0.9952771562716626,lvl_fine_off+0
0803x2,0.97,9187,"q=60,base=32,prof=lvl_fine_off2+4",0.9707294452402987,lvl_fine_off2+4
0803x2,0.985,14898,"q=47,base=64,prof=diag_hi+0",0.9851437912245672,diag_hi+0
0805x2,0.97,10932,"q=68,base=32,prof=lvl_fine_off2+2",0.9700803658854403,lvl_fine_off2+2
0803x2,0.995,47433,"q=95,base=32,prof=lvl_fine_off2+0",0.9964349958502536,lvl_fine_off2+0
0805x2,0.985,20544,"q=62,base=64,prof=lvl_fine_off+4",0.9852866966692589,lvl_fine_off+4
0805x2,0.995,46629,"q=87,base=64,prof=chroma_hi+0",0.9950718318666785,chroma_hi+0
0809x2,0.97,14477,"q=46,base=64,prof=lvl_fine_off+4",0.9702341373695612,lvl_fine_off+4
0809x2,0.985,26670,"q=91,base=32,prof=base+0",0.985052643195251,base+0
0811x2,0.97,20562,"q=59,base=64,prof=base+0",0.9708937667632548,base+0
0809x2,0.995,51839,"q=91,base=64,prof=chroma_hi+0",0.9950006954130594,chroma_hi+0
0811x2,0.985,35804,"q=81,base=64,prof=base+0",0.9852280210532758,base+0
0810x2,0.97,10858,"q=25,base=64,prof=diag_hi+2",0.9700734026490702,diag_hi+2
0811x2,0.995,91677,"q=97,base=32,prof=base+0",0.9956737751233499,base+0
0810x2,0.985,19254,"q=59,base=64,prof=chroma_hi+0",0.9850231876187093,chroma_hi+0
0814x2,0.97,5500,"q=56,base=32,prof=lvl_fine_off+4",0.9704137930290492,lvl_fine_off+4
0810x2,0.995,41125,"q=88,base=64,prof=chroma_hi+0",0.9950721044183823,chroma_hi+0
0814x2,0.985,9757,"q=84,base=32,prof=lvl_fine_off2+4",0.9851442951827605,lvl_fine_off2+4
0814x2,0.995,46490,"q=95,base=64,prof=lvl_fine_off2+0",0.9962769542365605,lvl_fine_off2+0
0812x2,0.97,7653,"q=53,base=32,prof=lvl_fine_off+4",0.9705183677440026,lvl_fine_off+4
0815x2,0.97,10530,"q=6,base=64,prof=base+0",0.9700009074511396,base+0
0812x2,0.985,13849,"q=41,base=64,prof=diag_hi+0",0.9852771799558573,diag_hi+0
0812x2,0.995,32014,"q=83,base=64,prof=diag_hi+0",0.9952018182573529,diag_hi+0
0815x2,0.985,18637,"q=56,base=64,prof=diag_hi+2",0.9851716060118999,diag_hi+2
0815x2,0.995,44025,"q=90,base=64,prof=diag_hi+0",0.995039381300188,diag_hi+0
0813x2,0.97,9003,"q=52,base=32,prof=lvl_fine_off2+4",0.9705096866582185,lvl_fine_off2+4
0813x2,0.985,16349,"q=77,base=32,prof=base+0",0.9851478733376474,base+0
0813x2,0.995,37678,"q=86,base=64,prof=chroma_hi+0",0.9950108113676803,chroma_hi+0
0816x2,0.97,6555,"q=3,base=64,prof=chroma_hi+0",0.9701690505554849,chroma_hi+0
0816x2,0.985,12210,"q=51,base=64,prof=base+0",0.9850328931395532,base+0
0816x2,0.995,27903,"q=85,base=64,prof=base+0",0.995065707406372,base+0
0817x2,0.97,20773,"q=46,base=64,prof=diag_hi+2",0.9701190251819566,diag_hi+2
0817x2,0.985,41806,"q=81,base=64,prof=diag_hi+0",0.9850374857754888,diag_hi+0
0820x2,0.97,15353,"q=59,base=32,prof=chroma_hi+0",0.9704789185074553,chroma_hi+0
0820x2,0.985,23771,"q=43,base=64,prof=diag_hi+2",0.9854317081850709,diag_hi+2
0817x2,0.995,86630,"q=95,base=32,prof=lvl_fine_off+0",0.995411425353245,lvl_fine_off+0
0819x2,0.97,16815,"q=35,base=64,prof=diag_hi+2",0.9700942481963772,diag_hi+2
0820x2,0.995,41653,"q=76,base=64,prof=base+0",0.995043229411411,base+0
0819x2,0.985,29617,"q=68,base=64,prof=diag_hi+2",0.9851927232235743,diag_hi+2
0819x2,0.995,62765,"q=91,base=64,prof=base+0",0.9950580883094733,base+0
0818x2,0.97,9687,"q=52,base=32,prof=lvl_fine_off+2",0.9700440240405359,lvl_fine_off+2
0823x2,0.97,8910,"q=59,base=32,prof=lvl_fine_off+2",0.970015302210086,lvl_fine_off+2
0818x2,0.985,19377,"q=79,base=32,prof=base+0",0.9850768567304069,base+0
0823x2,0.985,16965,"q=82,base=32,prof=diag_hi+0",0.9850030034587464,diag_hi+0
0818x2,0.995,50982,"q=93,base=64,prof=lvl_fine_off+2",0.995067288151486,lvl_fine_off+2
0823x2,0.995,55873,"q=95,base=32,prof=lvl_fine_off+0",0.9951161069938318,lvl_fine_off+0
0821x2,0.97,14999,"q=33,base=32,prof=base+0",0.9700691415249801,base+0
0821x2,0.985,23292,"q=8,base=64,prof=diag_hi+2",0.985064732892652,diag_hi+2
0821x2,0.995,46796,"q=90,base=32,prof=fine_lo+0",0.9950186086307972,fine_lo+0
0824x2,0.97,8224,"q=56,base=32,prof=lvl_fine_off+2",0.97013965387531,lvl_fine_off+2
0824x2,0.985,13898,"q=43,base=64,prof=diag_hi+2",0.9853538825243177,diag_hi+2
0824x2,0.995,28501,"q=85,base=64,prof=lvl_fine_off+2",0.9950865453802643,lvl_fine_off+2
0822x2,0.97,20470,"q=29,base=64,prof=base+0",0.9702117453528721,base+0
0822x2,0.985,35145,"q=64,base=64,prof=base+0",0.9850496552830222,base+0
0830x2,0.97,6344,"q=23,base=32,prof=diag_hi+0",0.9700778904646207,diag_hi+0
0822x2,0.995,76657,"q=92,base=64,prof=chroma_hi+0",0.9950333453931948,chroma_hi+0
0830x2,0.985,11108,"q=61,base=32,prof=base+0",0.9850168175217512,base+0
0830x2,0.995,24375,"q=71,base=64,prof=diag_hi+0",0.9951965144371734,diag_hi+0
0825x2,0.97,12744,"q=57,base=32,prof=chroma_hi+0",0.970049023717162,chroma_hi+0
0825x2,0.985,20203,"q=41,base=64,prof=diag_hi+0",0.9850128335056366,diag_hi+0
0828x2,0.97,29131,"q=48,base=64,prof=diag_hi+2",0.971168689594517,diag_hi+2
0825x2,0.995,41897,"q=80,base=64,prof=base+0",0.99507862782522,base+0
0828x2,0.985,46418,"q=77,base=64,prof=diag_hi+0",0.9850683207536587,diag_hi+0
0829x2,0.97,13592,"q=41,base=64,prof=base+0",0.9700818771646178,base+0
0829x2,0.985,23782,"q=77,base=64,prof=lvl_fine_off+2",0.9852236672181625,lvl_fine_off+2
0828x2,0.995,90760,"q=95,base=32,prof=lvl_fine_off2+0",0.9950343488763771,lvl_fine_off2+0
0831x2,0.97,11853,"q=5,base=64,prof=diag_hi+2",0.9702544204320791,diag_hi+2
0829x2,0.995,69839,"q=96,base=32,prof=base+0",0.9951878331830865,base+0
0831x2,0.985,20665,"q=51,base=64,prof=base+0",0.9853062414992403,base+0
0831x2,0.995,43012,"q=85,base=64,prof=base+0",0.9951173251917865,base+0
0827x2,0.97,9837,"q=60,base=64,prof=lvl_fine_off2+4",0.9700181074017525,lvl_fine_off2+4
0827x2,0.985,19471,"q=86,base=64,prof=lvl_fine_off2+4",0.9858064636028846,lvl_fine_off2+4
0826x2,0.97,12235,"q=11,base=64,prof=diag_hi+2",0.970326482957539,diag_hi+2
0827x2,0.995,58220,"q=95,base=64,prof=lvl_fine_off+0",0.9954375371388607,lvl_fine_off+0
0826x2,0.985,21978,"q=56,base=64,prof=diag_hi+2",0.9851805103342155,diag_hi+2
0826x2,0.995,55388,"q=92,base=64,prof=base+0",0.9950613978469378,base+0
0832x2,0.97,11254,"q=61,base=32,prof=lvl_fine_off2+4",0.9700095502629118,lvl_fine_off2+4
0832x2,0.985,19302,"q=43,base=64,prof=base+0",0.9850049447223624,base+0
0832x2,0.995,43757,"q=85,base=64,prof=base+0",0.9951163624366176,base+0
0833x2,0.97,4666,"q=31,base=32,prof=lvl_fine_off2+4",0.9701685802720726,lvl_fine_off2+4
0833x2,0.985,8225,"q=70,base=32,prof=lvl_fine_off+4",0.985060197174609,lvl_fine_off+4
0833x2,0.995,20766,"q=83,base=64,prof=diag_hi+0",0.9951996934326055,diag_hi+0
0834x2,0.97,8668,"q=5,base=64,prof=lvl_fine_off+2",0.9701289307558865,lvl_fine_off+2
0838x2,0.97,3873,"q=41,base=32,prof=diag_hi+0",0.9701161899121109,diag_hi+0
0834x2,0.985,18783,"q=57,base=64,prof=base+0",0.9851177279088382,base+0
0834x2,0.995,43955,"q=90,base=64,prof=base+0",0.9950892880102113,base+0
0838x2,0.985,7235,"q=77,base=32,prof=lvl_fine_off2+0",0.9850679086201616,lvl_fine_off2+0
0839x2,0.97,5294,"q=46,base=32,prof=diag_hi+0",0.9700200956222919,diag_hi+0
0838x2,0.995,39263,"q=98,base=32,prof=lvl_fine_off2+2",0.9951355802588493,lvl_fine_off2+2
0839x2,0.985,9285,"q=31,base=64,prof=chroma_hi+2",0.9851182770743946,chroma_hi+2
0839x2,0.995,21174,"q=76,base=64,prof=chroma_hi+0",0.9950294994974959,chroma_hi+0
0837x2,0.97,14353,"q=63,base=32,prof=lvl_fine_off+4",0.9701993730117087,lvl_fine_off+4
0837x2,0.985,23596,"q=43,base=64,prof=base+0",0.9850951346296054,base+0
0837x2,0.995,47847,"q=81,base=64,prof=base+0",0.9950147468937613,base+0
0835x2,0.97,20888,"q=41,base=64,prof=chroma_hi+0",0.9701574747231482,chroma_hi+0
0835x2,0.985,38127,"q=91,base=32,prof=base+0",0.9850002500098638,base+0
0835x2,0.995,80778,"q=94,base=64,prof=base+0",0.9950195995034391,base+0
0836x2,0.97,11620,"q=54,base=32,prof=base+0",0.9701641825585264,base+0
0836x2,0.985,19231,"q=46,base=64,prof=diag_hi+2",0.985216570235349,diag_hi+2
0840x2,0.97,10539,"q=62,base=32,prof=lvl_fine_off2+2",0.9705343907993064,lvl_fine_off2+2
0840x2,0.985,18642,"q=46,base=64,prof=base+0",0.9851179454032937,base+0
0836x2,0.995,44504,"q=87,base=64,prof=diag_hi+0",0.9950102795486974,diag_hi+0
0840x2,0.995,38549,"q=80,base=64,prof=base+0",0.9950427722851458,base+0
0841x2,0.97,12674,"q=35,base=64,prof=diag_hi+2",0.9702608175691201,diag_hi+2
0841x2,0.985,22819,"q=75,base=64,prof=lvl_fine_off+4",0.9853508882634063,lvl_fine_off+4
0841x2,0.995,63792,"q=95,base=32,prof=base+0",0.9950098063911978,base+0
0842x2,0.97,6909,"q=57,base=32,prof=lvl_fine_off2+2",0.970443062383938,lvl_fine_off2+2
0842x2,0.985,11968,"q=48,base=64,prof=lvl_fine_off+2",0.9852923662388168,lvl_fine_off+2
0844x2,0.97,7140,"q=76,base=32,prof=lvl_fine_off+0",0.9702908606922888,lvl_fine_off+0
0842x2,0.995,27088,"q=83,base=64,prof=diag_hi+0",0.9951405263424604,diag_hi+0
0844x2,0.985,11613,"q=75,base=64,prof=lvl_fine_off2+4",0.9850265082873942,lvl_fine_off2+4
0844x2,0.995,39423,"q=95,base=64,prof=lvl_fine_off2+0",0.9954881572517339,lvl_fine_off2+0
0843x2,0.97,1842,"q=1,base=32,prof=fine_lo+0",0.9857520465647225,fine_lo+0
0843x2,0.985,1842,"q=1,base=32,prof=fine_lo+0",0.9857520465647225,fine_lo+0
0843x2,0.995,2703,"q=1,base=64,prof=lvl_fine_off2+0",0.9955826100113737,lvl_fine_off2+0
0845x2,0.97,9840,"q=59,base=32,prof=diag_hi+0",0.9703119132197459,diag_hi+0
0845x2,0.985,16433,"q=78,base=32,prof=chroma_hi+0",0.9850751052891042,chroma_hi+0
0845x2,0.995,32778,"q=85,base=64,prof=lvl_fine_off+4",0.9950797851411832,lvl_fine_off+4
0847x2,0.97,9534,"q=48,base=32,prof=lvl_fine_off2+4",0.9701370095371771,lvl_fine_off2+4
0847x2,0.985,17381,"q=35,base=64,prof=diag_hi+2",0.9851038780640088,diag_hi+2
0847x2,0.995,40164,"q=83,base=64,prof=diag_hi+0",0.9950481922249339,diag_hi+0
0846x2,0.97,8619,"q=56,base=32,prof=lvl_fine_off+4",0.9701539072923157,lvl_fine_off+4
0846x2,0.985,13690,"q=34,base=64,prof=diag_hi+2",0.9850699550589176,diag_hi+2
0846x2,0.995,24875,"q=74,base=64,prof=diag_hi+0",0.9950938796852963,diag_hi+0
0848x2,0.97,12456,"q=60,base=32,prof=lvl_fine_off2+4",0.9702365281041937,lvl_fine_off2+4
0848x2,0.985,23099,"q=48,base=64,prof=base+0",0.9851267971873995,base+0
0848x2,0.995,59373,"q=91,base=64,prof=base+0",0.995064661690253,base+0
0849x2,0.97,18171,"q=50,base=32,prof=base+0",0.9700853693569442,base+0
0849x2,0.985,30337,"q=32,base=64,prof=base+0",0.9850348193638644,base+0
0852x2,0.97,13207,"q=66,base=64,prof=diag_hi+0",0.9701882060298748,diag_hi+0
0849x2,0.995,59856,"q=76,base=64,prof=base+0",0.9950083752522274,base+0
0852x2,0.985,28177,"q=91,base=64,prof=lvl_fine_off+2",0.9858035477897195,lvl_fine_off+2
0854x2,0.97,9228,"q=2,base=64,prof=base+0",0.970617182273032,base+0
0852x2,0.995,70076,"q=97,base=64,prof=lvl_fine_off2+2",0.9954996221136633,lvl_fine_off2+2
0854x2,0.985,15049,"q=47,base=64,prof=diag_hi+0",0.9850966276860524,diag_hi+0
0854x2,0.995,30614,"q=83,base=64,prof=diag_hi+0",0.995199034743484,diag_hi+0
0850x2,0.97,9145,"q=5,base=64,prof=lvl_fine_off+4",0.9701840950645719,lvl_fine_off+4
0850x2,0.985,16683,"q=52,base=64,prof=diag_hi+2",0.9851021046443992,diag_hi+2
0851x2,0.97,7107,"q=39,base=32,prof=base+0",0.9701829684340469,base+0
0850x2,0.995,38096,"q=87,base=64,prof=base+0",0.9950376826812132,base+0
0851x2,0.985,12382,"q=77,base=32,prof=lvl_fine_off+4",0.9857816164082012,lvl_fine_off+4
0851x2,0.995,44615,"q=95,base=32,prof=lvl_fine_off2+0",0.9962318641100897,lvl_fine_off2+0
0853x2,0.97,9924,"q=72,base=32,prof=lvl_fine_off+4",0.9715396253192999,lvl_fine_off+4
0853x2,0.985,18130,"q=73,base=64,prof=lvl_fine_off+4",0.9851241550093245,lvl_fine_off+4
0853x2,0.995,78108,"q=95,base=64,prof=lvl_fine_off+0",0.9950265939558687,lvl_fine_off+0
0856x2,0.97,43942,"q=79,base=64,prof=base+0",0.9706624287605309,base+0
0856x2,0.985,95546,"q=95,base=32,prof=lvl_fine_off2+0",0.9887671041220024,lvl_fine_off2+0
0856x2,0.995,157975,"q=98,base=32,prof=base+0",0.9952175804098696,base+0
0857x2,0.97,3899,"q=38,base=32,prof=lvl_fine_off+0",0.9701294717682948,lvl_fine_off+0
0855x2,0.97,9811,"q=7,base=64,prof=diag_hi+2",0.970138159980736,diag_hi+2
0855x2,0.985,18074,"q=59,base=64,prof=lvl_fine_off+4",0.9854843369049385,lvl_fine_off+4
0857x2,0.985,6574,"q=36,base=64,prof=lvl_fine_off2+4",0.9851824036410405,lvl_fine_off2+4
0855x2,0.995,46160,"q=92,base=64,prof=lvl_fine_off+2",0.9950305073359011,lvl_fine_off+2
0857x2,0.995,15669,"q=83,base=64,prof=diag_hi+0",0.9950103601803558,diag_hi+0
0858x2,0.97,22534,"q=66,base=64,prof=lvl_fine_off+4",0.9705731302880823,lvl_fine_off+4
0858x2,0.985,44009,"q=84,base=64,prof=base+0",0.9852567540486056,base+0
0859x2,0.97,13343,"q=18,base=64,prof=chroma_hi+0",0.9701846373478159,chroma_hi+0
0858x2,0.995,108483,"q=97,base=32,prof=base+0",0.9952742595790695,base+0
0859x2,0.985,24442,"q=59,base=64,prof=chroma_hi+0",0.9850941137625062,chroma_hi+0
0861x2,0.97,19504,"q=43,base=64,prof=chroma_hi+0",0.9703851860042086,chroma_hi+0
0859x2,0.995,49562,"q=87,base=64,prof=chroma_hi+0",0.9950849796427274,chroma_hi+0
0861x2,0.985,31993,"q=73,base=64,prof=diag_hi+2",0.9852398753406865,diag_hi+2
0861x2,0.995,63464,"q=94,base=64,prof=chroma_hi+0",0.9950317713356925,chroma_hi+0
0862x2,0.97,4271,"q=17,base=64,prof=lvl_fine_off+0",0.9705390669137772,lvl_fine_off+0
0862x2,0.985,8984,"q=88,base=32,prof=chroma_hi+0",0.985029154410844,chroma_hi+0
0862x2,0.995,37426,"q=95,base=64,prof=lvl_fine_off2+0",0.9958751853069376,lvl_fine_off2+0
0860x2,0.97,24654,"q=28,base=64,prof=diag_hi+2",0.970071939696704,diag_hi+2
0863x2,0.97,6725,"q=51,base=32,prof=lvl_fine_off2+0",0.9700650060015562,lvl_fine_off2+0
0860x2,0.985,41222,"q=61,base=64,prof=diag_hi+2",0.9852599559831691,diag_hi+2
0860x2,0.995,75271,"q=85,base=64,prof=base+0",0.9950398175204858,base+0
0863x2,0.985,11683,"q=78,base=32,prof=chroma_hi+0",0.9850604708211005,chroma_hi+0
0863x2,0.995,27121,"q=85,base=64,prof=diag_hi+0",0.9951000540677226,diag_hi+0
0864x2,0.97,7328,"q=12,base=64,prof=lvl_fine_off2+2",0.9701795921691807,lvl_fine_off2+2
0864x2,0.985,14139,"q=54,base=64,prof=chroma_hi+0",0.985183111412936,chroma_hi+0
0864x2,0.995,29713,"q=83,base=64,prof=base+0",0.9950026484702911,base+0
0866x2,0.97,12274,"q=6,base=64,prof=base+0",0.970133596205197,base+0
0866x2,0.985,21397,"q=51,base=64,prof=base+0",0.9850973611431564,base+0
0866x2,0.995,43600,"q=83,base=64,prof=base+0",0.9950934843359572,base+0
0867x2,0.97,12057,"q=7,base=64,prof=diag_hi+2",0.970236803436387,diag_hi+2
0867x2,0.985,20946,"q=51,base=64,prof=diag_hi+0",0.9850931450528791,diag_hi+0
0867x2,0.995,50646,"q=89,base=64,prof=fine_lo+0",0.9950245010187974,fine_lo+0
0865x2,0.97,8915,"q=66,base=32,prof=lvl_fine_off2+2",0.9703160394815201,lvl_fine_off2+2
0868x2,0.985,3784,"q=47,base=32,prof=lvl_fine_off2+0",0.9852593907383781,lvl_fine_off2+0
0868x2,0.97,2561,"q=1,base=32,prof=diag_hi+0",0.9762400701597042,diag_hi+0
0865x2,0.985,16284,"q=54,base=64,prof=base+0",0.9850878710449603,base+0
0865x2,0.995,36045,"q=86,base=64,prof=chroma_hi+0",0.995029353855795,chroma_hi+0
0868x2,0.995,7468,"q=47,base=64,prof=chroma_hi+0",0.9950993599013254,chroma_hi+0
0869x2,0.97,8405,"q=9,base=64,prof=lvl_fine_off+4",0.9704056736278338,lvl_fine_off+4
0869x2,0.985,15058,"q=80,base=32,prof=chroma_hi+0",0.9852448394918055,chroma_hi+0
0869x2,0.995,31600,"q=87,base=64,prof=lvl_fine_off+4",0.9950193780339349,lvl_fine_off+4
0871x2,0.97,10311,"q=58,base=32,prof=diag_hi+2",0.9701339853406502,diag_hi+2
0870x2,0.97,24172,"q=35,base=64,prof=diag_hi+2",0.9703654876781765,diag_hi+2
0870x2,0.985,41347,"q=66,base=64,prof=base+0",0.9851312674578487,base+0
0871x2,0.985,17665,"q=44,base=64,prof=base+0",0.9850123438387285,base+0
0871x2,0.995,40107,"q=85,base=64,prof=diag_hi+0",0.9950021075369837,diag_hi+0
0870x2,0.995,95188,"q=95,base=32,prof=lvl_fine_off2+0",0.9965446778193093,lvl_fine_off2+0
0872x2,0.97,14062,"q=63,base=32,prof=lvl_fine_off+4",0.970828792126032,lvl_fine_off+4
0872x2,0.985,25261,"q=49,base=64,prof=diag_hi+2",0.9854907934841677,diag_hi+2
0872x2,0.995,52568,"q=83,base=64,prof=base+0",0.995088995111752,base+0
0873x2,0.97,14980,"q=23,base=64,prof=base+0",0.970339029274316,base+0
0873x2,0.985,24601,"q=59,base=64,prof=diag_hi+0",0.9851615706757196,diag_hi+0
0873x2,0.995,54918,"q=90,base=64,prof=base+0",0.9950648188926993,base+0
0874x2,0.97,9231,"q=31,base=64,prof=diag_hi+2",0.9702743520755052,diag_hi+2
0874x2,0.985,16875,"q=65,base=64,prof=chroma_hi+0",0.9851251245231278,chroma_hi+0
0874x2,0.995,36394,"q=90,base=64,prof=base+0",0.9950501929834346,base+0
0877x2,0.97,11345,"q=60,base=64,prof=lvl_fine_off2+4",0.9702682188692976,lvl_fine_off2+4
0877x2,0.985,22020,"q=83,base=64,prof=base+0",0.9852370032815289,base+0
0877x2,0.995,56896,"q=98,base=32,prof=base+0",0.9950275451773164,base+0
0876x2,0.97,20743,"q=47,base=64,prof=base+0",0.9709430583752211,base+0
0876x2,0.985,34987,"q=73,base=64,prof=base+0",0.9851709448729498,base+0
0876x2,0.995,68776,"q=93,base=64,prof=fine_lo+0",0.995000013641711,fine_lo+0
0875x2,0.97,15482,"q=1,base=64,prof=diag_hi+0",0.9707252775442387,diag_hi+0
0875x2,0.985,27325,"q=47,base=64,prof=diag_hi+0",0.9850703654026359,diag_hi+0
0875x2,0.995,62110,"q=84,base=64,prof=base+0",0.9950014082446114,base+0
0880x2,0.97,5404,"q=52,base=32,prof=lvl_fine_off2+0",0.9700680960836449,lvl_fine_off2+0
0878x2,0.97,11103,"q=57,base=32,prof=lvl_fine_off+2",0.9700779072725823,lvl_fine_off+2
0880x2,0.985,9838,"q=77,base=32,prof=base+0",0.9851364305807963,base+0
0878x2,0.985,18980,"q=40,base=64,prof=base+0",0.9850086466846637,base+0
0880x2,0.995,20397,"q=83,base=64,prof=lvl_fine_off+2",0.9950140948216083,lvl_fine_off+2
0878x2,0.995,38864,"q=79,base=64,prof=fine_lo+0",0.9950210088914403,fine_lo+0
0879x2,0.97,7435,"q=42,base=32,prof=lvl_fine_off+2",0.9701130220861406,lvl_fine_off+2
0881x2,0.97,7114,"q=13,base=64,prof=diag_hi+2",0.9702337232866566,diag_hi+2
0879x2,0.985,13261,"q=69,base=32,prof=base+0",0.9851093776432603,base+0
0881x2,0.985,13853,"q=85,base=32,prof=base+0",0.9850372939508736,base+0
0881x2,0.995,31576,"q=90,base=64,prof=base+0",0.9950360108368793,base+0
0882x2,0.97,8028,"q=41,base=32,prof=lvl_fine_off2+2",0.9705813436706484,lvl_fine_off2+2
0882x2,0.985,11423,"q=23,base=64,prof=lvl_fine_off2+0",0.9851366491821719,lvl_fine_off2+0
0879x2,0.995,38621,"q=87,base=64,prof=chroma_hi+0",0.9950004515291155,chroma_hi+0
0882x2,0.995,24320,"q=78,base=64,prof=lvl_fine_off+2",0.9951041742984325,lvl_fine_off+2
0883x2,0.97,10854,"q=60,base=32,prof=lvl_fine_off+2",0.9701818866793023,lvl_fine_off+2
0883x2,0.985,20821,"q=46,base=64,prof=base+0",0.9850799850095004,base+0
0884x2,0.97,12962,"q=10,base=64,prof=chroma_hi+2",0.9701165033224105,chroma_hi+2
0883x2,0.995,46166,"q=82,base=64,prof=base+0",0.9950164101250768,base+0
0884x2,0.985,22023,"q=51,base=64,prof=base+0",0.9852340021727469,base+0
0884x2,0.995,44003,"q=83,base=64,prof=base+0",0.9950358510025575,base+0
0885x2,0.97,21745,"q=59,base=64,prof=diag_hi+0",0.9703342799180161,diag_hi+0
0885x2,0.985,38940,"q=86,base=64,prof=lvl_fine_off+4",0.9852426907734136,lvl_fine_off+4
0886x2,0.97,5491,"q=43,base=32,prof=lvl_fine_off2+2",0.9704139295729842,lvl_fine_off2+2
0886x2,0.985,9348,"q=39,base=64,prof=lvl_fine_off+4",0.9850367991971866,lvl_fine_off+4
0886x2,0.995,24062,"q=87,base=64,prof=base+0",0.995012144219471,base+0
0885x2,0.995,102424,"q=98,base=32,prof=lvl_fine_off+2",0.9956816271493713,lvl_fine_off+2
0887x2,0.97,15468,"q=51,base=64,prof=lvl_fine_off+4",0.9700942372853932,lvl_fine_off+4
0887x2,0.985,32373,"q=78,base=64,prof=base+0",0.9850181375084174,base+0
0887x2,0.995,91477,"q=97,base=32,prof=base+0",0.9953935114602238,base+0
0888x2,0.97,10459,"q=46,base=32,prof=lvl_fine_off+2",0.9702105331428784,lvl_fine_off+2
0888x2,0.985,17418,"q=30,base=64,prof=diag_hi+2",0.9852874094108078,diag_hi+2
0888x2,0.995,36415,"q=76,base=64,prof=base+0",0.9950043922834237,base+0
0889x2,0.97,16586,"q=61,base=32,prof=lvl_fine_off+4",0.9704069848382381,lvl_fine_off+4
0889x2,0.985,26540,"q=43,base=64,prof=diag_hi+2",0.9853156210022105,diag_hi+2
0890x2,0.97,8136,"q=66,base=32,prof=base+0",0.9700712401423172,base+0
0889x2,0.995,55423,"q=81,base=64,prof=base+0",0.9950575181467892,base+0
0890x2,0.985,14933,"q=85,base=32,prof=base+0",0.985133710636906,base+0
0890x2,0.995,47590,"q=95,base=32,prof=lvl_fine_off+0",0.995547863609978,lvl_fine_off+0
0892x2,0.97,15020,"q=12,base=64,prof=diag_hi+2",0.9702965234133382,diag_hi+2
0892x2,0.985,23400,"q=50,base=64,prof=diag_hi+2",0.9851756034605952,diag_hi+2
0892x2,0.995,43266,"q=81,base=64,prof=base+0",0.9950410138970511,base+0
0891x2,0.97,15708,"q=62,base=32,prof=lvl_fine_off+4",0.9701017916917399,lvl_fine_off+4
0891x2,0.985,28843,"q=51,base=64,prof=base+0",0.9852096307733236,base+0
0891x2,0.995,82682,"q=95,base=32,prof=lvl_fine_off2+0",0.9975338767903681,lvl_fine_off2+0
0893x2,0.97,10054,"q=68,base=32,prof=lvl_fine_off+2",0.9701258081226952,lvl_fine_off+2
0893x2,0.985,17017,"q=61,base=64,prof=chroma_hi+2",0.9851563790112731,chroma_hi+2
0894x2,0.97,11565,"q=36,base=64,prof=base+0",0.9700112947128651,base+0
0893x2,0.995,49911,"q=95,base=32,prof=lvl_fine_off+0",0.995392772714694,lvl_fine_off+0
0894x2,0.985,19823,"q=69,base=64,prof=chroma_hi+0",0.985167824969495,chroma_hi+0
4.1.01,0.97,3196,"q=19,base=32,prof=lvl_fine_off2+2",0.9701617505890078,lvl_fine_off2+2
0895x2,0.97,21320,"q=39,base=64,prof=diag_hi+2",0.9700035483344457,diag_hi+2
0894x2,0.995,47581,"q=95,base=32,prof=lvl_fine_off+0",0.9951427728941665,lvl_fine_off+0
4.1.01,0.985,6713,"q=33,base=64,prof=lvl_fine_off+4",0.9854120338315936,lvl_fine_off+4
4.1.01,0.995,36482,"q=97,base=32,prof=lvl_fine_off2+2",0.9951456398843979,lvl_fine_off2+2
0895x2,0.985,36567,"q=67,base=64,prof=base+0",0.9853531354520694,base+0
0895x2,0.995,68263,"q=91,base=64,prof=diag_hi+0",0.9950172505287149,diag_hi+0
0896x2,0.97,3174,"q=2,base=32,prof=diag_hi+0",0.9702214904110913,diag_hi+0
0896x2,0.985,5625,"q=63,base=32,prof=lvl_fine_off2+2",0.9850483929824513,lvl_fine_off2+2
0897x2,0.97,20424,"q=64,base=32,prof=lvl_fine_off2+4",0.9701294773433938,lvl_fine_off2+4
0896x2,0.995,14470,"q=83,base=64,prof=lvl_fine_off+0",0.9950286056412522,lvl_fine_off+0
0897x2,0.985,41478,"q=52,base=64,prof=diag_hi+2",0.9851910296478895,diag_hi+2
0898x2,0.97,5694,"q=49,base=32,prof=lvl_fine_off2+2",0.9700489900832482,lvl_fine_off2+2
0898x2,0.985,10382,"q=81,base=32,prof=lvl_fine_off+4",0.9852562118107299,lvl_fine_off+4
0897x2,0.995,97378,"q=91,base=64,prof=chroma_hi+0",0.9950059253546399,chroma_hi+0
4.1.02,0.97,3852,"q=43,base=32,prof=lvl_fine_off2+2",0.9705398620371857,lvl_fine_off2+2
4.1.02,0.985,6941,"q=35,base=64,prof=diag_hi+0",0.9854511255581763,diag_hi+0
4.1.02,0.995,18283,"q=84,base=64,prof=base+0",0.9950320888988271,base+0
4.1.03,0.97,1681,"q=1,base=32,prof=lvl_fine_off2+0",0.9732670326826107,lvl_fine_off2+0
4.1.03,0.985,2695,"q=51,base=32,prof=lvl_fine_off2+4",0.9850252455946668,lvl_fine_off2+4
4.1.03,0.995,11167,"q=87,base=64,prof=fine_lo+0",0.9950412197731509,fine_lo+0
0898x2,0.995,225369,"q=100,base=64,prof=base+0",1.0,base+0
4.1.04,0.97,2550,"q=1,base=32,prof=lvl_fine_off2+0",0.9706800489409431,lvl_fine_off2+0
0900x2,0.97,21282,"q=56,base=64,prof=base+0",0.970008407985461,base+0
0900x2,0.985,60521,"q=95,base=32,prof=lvl_fine_off2+0",0.9937160721417274,lvl_fine_off2+0
4.1.04,0.985,4857,"q=2,base=64,prof=diag_hi+0",0.9851343121141826,diag_hi+0
0900x2,0.995,69123,"q=97,base=32,prof=lvl_fine_off2+2",0.9950151507784296,lvl_fine_off2+2
4.1.04,0.995,13261,"q=81,base=64,prof=lvl_fine_off+4",0.9951395530295875,lvl_fine_off+4
0899x2,0.97,18645,"q=30,base=64,prof=base+0",0.9700908313302393,base+0
0899x2,0.985,32213,"q=75,base=64,prof=lvl_fine_off+4",0.9850721349382517,lvl_fine_off+4
4.1.05,0.97,4786,"q=56,base=32,prof=diag_hi+0",0.9702803005360767,diag_hi+0
4.1.05,0.985,10212,"q=62,base=64,prof=chroma_hi+0",0.9852322196942408,chroma_hi+0
0899x2,0.995,69012,"q=95,base=32,prof=lvl_fine_off2+0",0.9950734770583739,lvl_fine_off2+0
4.1.05,0.995,37916,"q=95,base=32,prof=fine_lo+0",0.9952281605996477,fine_lo+0
4.1.07,0.97,2592,"q=13,base=32,prof=lvl_fine_off+2",0.9702786682236306,lvl_fine_off+2
4.1.07,0.985,3414,"q=51,base=32,prof=lvl_fine_off2+4",0.9850687757969095,lvl_fine_off2+4
4.1.07,0.995,9513,"q=77,base=64,prof=diag_hi+0",0.9950821774218599,diag_hi+0
4.1.06,0.985,10534,"q=63,base=32,prof=base+0",0.9850045133505793,base+0
4.1.06,0.97,5162,"q=8,base=32,prof=diag_hi+2",0.9700004512163907,diag_hi+2
4.1.06,0.995,27517,"q=83,base=64,prof=fine_lo+2",0.9950445080755768,fine_lo+2
4.1.08,0.97,3028,"q=1,base=32,prof=chroma_hi+0",0.970754912283578,chroma_hi+0
4.1.08,0.985,4203,"q=39,base=32,prof=lvl_fine_off+4",0.9850030967392504,lvl_fine_off+4
4.1.08,0.995,9935,"q=87,base=32,prof=base+0",0.9950922149125843,base+0
5.1.10,0.97,4320,"q=1,base=32,prof=lvl_fine_off2+0",0.9818355918704831,lvl_fine_off2+0
5.1.10,0.985,4962,"q=21,base=32,prof=lvl_fine_off2+4",0.9850802277029084,lvl_fine_off2+4
5.1.09,0.97,4147,"q=3,base=64,prof=lvl_fine_off+2",0.9701185478854022,lvl_fine_off+2
5.1.10,0.995,9593,"q=6,base=64,prof=base+0",0.9950720992496923,base+0
5.1.09,0.985,8093,"q=47,base=64,prof=diag_hi+0",0.9851927182549006,diag_hi+0
5.1.09,0.995,16669,"q=77,base=64,prof=base+0",0.9950678222899669,base+0
5.1.11,0.97,1329,"q=1,base=32,prof=lvl_fine_off2+0",0.9759457065614446,lvl_fine_off2+0
5.1.11,0.985,1948,"q=37,base=32,prof=diag_hi+2",0.9850076005013214,diag_hi+2
5.1.11,0.995,4910,"q=71,base=64,prof=lvl_fine_off2+0",0.9950046950789654,lvl_fine_off2+0
5.1.13,0.97,3479,"q=1,base=32,prof=lvl_fine_off2+0",0.98852200971486,lvl_fine_off2+0
5.1.13,0.985,3479,"q=1,base=32,prof=lvl_fine_off2+0",0.98852200971486,lvl_fine_off2+0
5.1.13,0.995,3975,"q=6,base=32,prof=diag_hi+2",0.9950046726913723,diag_hi+2
5.1.12,0.97,1952,"q=1,base=32,prof=lvl_fine_off2+0",0.983237764490621,lvl_fine_off2+0
5.1.12,0.985,2184,"q=17,base=32,prof=lvl_fine_off2+0",0.985792643014535,lvl_fine_off2+0
5.1.12,0.995,5344,"q=47,base=64,prof=lvl_fine_off+0",0.9952824485915607,lvl_fine_off+0
5.1.14,0.97,3283,"q=4,base=32,prof=lvl_fine_off2+2",0.9710550885094023,lvl_fine_off2+2
5.1.14,0.985,5847,"q=48,base=32,prof=base+0",0.9850896586418071,base+0
5.1.14,0.995,10643,"q=47,base=64,prof=diag_hi+0",0.9951116456955726,diag_hi+0
4.2.01,0.97,18898,"q=77,base=64,prof=lvl_fine_off+0",0.9702632728158426,lvl_fine_off+0
4.2.01,0.985,63503,"q=98,base=32,prof=lvl_fine_off2+2",0.9865857689699228,lvl_fine_off2+2
4.2.03,0.97,44560,"q=59,base=64,prof=diag_hi+0",0.9700830393699494,diag_hi+0
4.2.03,0.985,86928,"q=84,base=64,prof=fine_lo+0",0.9850580120388593,fine_lo+0
4.2.05,0.97,11532,"q=71,base=32,prof=diag_hi+0",0.9700367795761927,diag_hi+0
4.2.05,0.985,25021,"q=75,base=64,prof=base+0",0.9850227862632673,base+0
4.2.01,0.995,382801,"q=100,base=64,prof=base+0",1.0,base+0
4.2.03,0.995,220642,"q=97,base=32,prof=lvl_fine_off+2",0.9955928744200482,lvl_fine_off+2
4.2.05,0.995,100704,"q=97,base=64,prof=lvl_fine_off2+2",0.9951400160292206,lvl_fine_off2+2
4.2.06,0.985,67045,"q=88,base=64,prof=base+0",0.9850817407034205,base+0
4.2.06,0.97,23279,"q=54,base=64,prof=lvl_fine_off+4",0.9700755644016831,lvl_fine_off+4
4.2.07,0.985,57163,"q=91,base=64,prof=fine_lo+0",0.9850366456596227,fine_lo+0
4.2.07,0.97,15000,"q=47,base=64,prof=lvl_fine_off+0",0.970305918057066,lvl_fine_off+0
4.2.06,0.995,229608,"q=99,base=32,prof=base+0",0.9952209462602576,base+0
5.2.09,0.97,13424,"q=6,base=64,prof=lvl_fine_off+4",0.9704400688936164,lvl_fine_off+4
4.2.07,0.995,199831,"q=99,base=64,prof=lvl_fine_off2+4",0.995208742247801,lvl_fine_off2+4
5.2.09,0.985,22323,"q=46,base=64,prof=base+0",0.9852234900146577,base+0
5.2.09,0.995,42145,"q=84,base=64,prof=lvl_fine_off+4",0.9952840152655611,lvl_fine_off+4
5.2.08,0.97,8747,"q=20,base=64,prof=diag_hi+2",0.9700369045984987,diag_hi+2
5.2.08,0.985,15421,"q=59,base=64,prof=base+0",0.9850070959922411,base+0
5.2.08,0.995,36252,"q=93,base=64,prof=lvl_fine_off+4",0.9953408794236024,lvl_fine_off+4
5.2.10,0.985,25961,"q=54,base=64,prof=diag_hi+2",0.9850432393163718,diag_hi+2
5.2.10,0.97,14009,"q=17,base=64,prof=lvl_fine_off+4",0.9702230638027386,lvl_fine_off+4
5.2.10,0.995,50370,"q=81,base=64,prof=fine_lo+0",0.9951041582520492,fine_lo+0
5.3.01,0.97,9796,"q=61,base=32,prof=lvl_fine_off2+2",0.9704989116120865,lvl_fine_off2+2
5.3.01,0.995,38128,"q=87,base=64,prof=lvl_fine_off+4",0.9951661519321701,lvl_fine_off+4
5.3.01,0.985,17872,"q=47,base=64,prof=base+0",0.9850425870835512,base+0
7.1.01,0.97,10069,"q=43,base=64,prof=lvl_fine_off2+0",0.9700792509375346,lvl_fine_off2+0
5.3.02,0.985,27633,"q=68,base=64,prof=diag_hi+2",0.9852422778493048,diag_hi+2
7.1.01,0.985,19456,"q=77,base=64,prof=lvl_fine_off2+4",0.9851328728318677,lvl_fine_off2+4
5.3.02,0.97,15704,"q=33,base=64,prof=diag_hi+0",0.9700728699733085,diag_hi+0
7.1.01,0.995,47399,"q=93,base=64,prof=base+0",0.9950389202266595,base+0
5.3.02,0.995,57887,"q=91,base=64,prof=diag_hi+0",0.9950732378308086,diag_hi+0
7.1.02,0.97,4515,"q=76,base=32,prof=lvl_fine_off2+2",0.970304497024065,lvl_fine_off2+2
7.1.02,0.985,12405,"q=83,base=64,prof=lvl_fine_off2+2",0.9858320910759045,lvl_fine_off2+2
7.1.02,0.995,60512,"q=96,base=64,prof=base+0",0.995672040888783,base+0
7.1.03,0.97,13249,"q=61,base=64,prof=lvl_fine_off+2",0.970151576827803,lvl_fine_off+2
7.1.03,0.985,27436,"q=81,base=64,prof=fine_lo+0",0.9851176647502727,fine_lo+0
7.1.04,0.97,9316,"q=43,base=64,prof=lvl_fine_off2+0",0.9705679446999018,lvl_fine_off2+0
7.1.03,0.995,68424,"q=98,base=32,prof=lvl_fine_off+2",0.9956901641140288,lvl_fine_off+2
7.1.04,0.985,17050,"q=76,base=64,prof=lvl_fine_off2+2",0.9853926478674899,lvl_fine_off2+2
7.1.04,0.995,46102,"q=94,base=64,prof=diag_hi+0",0.9953662711945714,diag_hi+0
7.1.05,0.97,10950,"q=28,base=64,prof=lvl_fine_off2+0",0.9700040610873563,lvl_fine_off2+0
7.1.05,0.985,21105,"q=67,base=64,prof=lvl_fine_off+4",0.9850487493824175,lvl_fine_off+4
7.1.05,0.995,50417,"q=87,base=64,prof=base+0",0.9951181884281467,base+0
7.1.06,0.995,49936,"q=87,base=64,prof=base+0",0.9951756229327889,base+0
7.1.06,0.985,21316,"q=68,base=64,prof=lvl_fine_off+4",0.9850830508481558,lvl_fine_off+4
7.1.06,0.97,11220,"q=30,base=64,prof=lvl_fine_off2+2",0.9704733052490283,lvl_fine_off2+2
7.1.07,0.97,12646,"q=43,base=64,prof=lvl_fine_off2+0",0.9701284446558255,lvl_fine_off2+0
7.1.07,0.995,55148,"q=91,base=64,prof=diag_hi+0",0.9950621733264374,diag_hi+0
7.1.07,0.985,25175,"q=73,base=64,prof=diag_hi+2",0.9852182109995408,diag_hi+2
7.1.08,0.985,26638,"q=91,base=64,prof=lvl_fine_off2+4",0.9852414941373602,lvl_fine_off2+4
7.1.08,0.97,12789,"q=71,base=64,prof=lvl_fine_off2+2",0.9701269363304533,lvl_fine_off2+2
7.1.09,0.97,14467,"q=55,base=64,prof=lvl_fine_off+4",0.9708038648493501,lvl_fine_off+4
7.1.09,0.985,26689,"q=76,base=64,prof=diag_hi+0",0.9851308553875842,diag_hi+0
7.1.08,0.995,65877,"q=97,base=64,prof=lvl_fine_off2+2",0.9950398985772048,lvl_fine_off2+2
7.1.09,0.995,54359,"q=92,base=64,prof=base+0",0.9950114381415484,base+0
7.1.10,0.97,8672,"q=38,base=64,prof=lvl_fine_off2+0",0.970110659491019,lvl_fine_off2+0
7.1.10,0.985,16045,"q=71,base=64,prof=lvl_fine_off2+0",0.9850182244705966,lvl_fine_off2+0
7.2.01,0.97,5981,"q=59,base=64,prof=diag_hi+0",0.9708684005613785,diag_hi+0
7.1.10,0.995,42025,"q=92,base=64,prof=base+0",0.9950676817551868,base+0
gray21.512,0.97,452,"q=2,base=32,prof=base+0",0.9714741866364559,base+0
7.2.01,0.985,19432,"q=89,base=64,prof=lvl_fine_off+0",0.9850688913867325,lvl_fine_off+0
7.2.01,0.995,57791,"q=99,base=64,prof=lvl_fine_off2+4",0.9950543860873142,lvl_fine_off2+4
gray21.512,0.985,435,"q=1,base=64,prof=lvl_fine_off2+0",0.9857749596966704,lvl_fine_off2+0
gray21.512,0.995,698,"q=53,base=64,prof=diag_hi+0",0.9954102730982127,diag_hi+0
boat.512,0.985,15229,"q=61,base=64,prof=lvl_fine_off+2",0.9850736916825588,lvl_fine_off+2
boat.512,0.97,8633,"q=13,base=64,prof=diag_hi+2",0.9704918031031603,diag_hi+2
boat.512,0.995,48385,"q=92,base=64,prof=base+0",0.9951087223139047,base+0
house,0.985,30922,"q=71,base=64,prof=diag_hi+0",0.9850898621995937,diag_hi+0
house,0.97,15336,"q=76,base=32,prof=lvl_fine_off2+2",0.9704215723231732,lvl_fine_off2+2
house,0.995,134518,"q=98,base=32,prof=base+0",0.9950276324778639,base+0
ruler.512,0.97,8789,"q=1,base=32,prof=diag_hi+0",0.9702391275464496,diag_hi+0
ruler.512,0.985,10734,"q=15,base=32,prof=diag_hi+0",0.9891726399742488,diag_hi+0
ruler.512,0.995,14520,"q=52,base=32,prof=fine_lo+0",0.9950013031595552,fine_lo+0
